# t, d
0,-0.09334
0.001,-0.125706
0.002,-0.139222
0.003,-0.172357
0.004,-0.102103
0.005,-0.100549
0.006,-0.113459
0.007,-0.0948882
0.008,-0.0653761
0.009,-0.0681035
0.01,-0.0589281
0.011,-0.0892754
0.012,-0.0625602
0.013,-0.0519877
0.014,-0.0572978
0.015,-0.00337819
0.016,-0.0120886
0.017,0.0242635
0.018,0.0343281
0.019,-0.00892462
0.02,0.0581518
0.021,0.0819961
0.022,0.0771783
0.023,0.063483
0.024,0.0841246
0.025,0.0640924
0.026,0.0851082
0.027,0.0810766
0.028,0.0849847
0.029,0.123313
0.03,0.134257
0.031,0.161014
0.032,0.153952
0.033,0.0599817
0.034,0.149222
0.035,0.214237
0.036,0.165957
0.037,0.200058
0.038,0.160665
0.039,0.226481
0.04,0.245211
0.041,0.276113
0.042,0.217693
0.043,0.222834
0.044,0.203088
0.045,0.238183
0.046,0.254817
0.047,0.362647
0.048,0.284447
0.049,0.297367
0.05,0.326885
0.051,0.316969
0.052,0.29609
0.053,0.364647
0.054,0.296088
0.055,0.390097
0.056,0.357732
0.057,0.29149
0.058,0.303041
0.059,0.435077
0.06,0.381667
0.061,0.388833
0.062,0.338091
0.063,0.377738
0.064,0.365106
0.065,0.282646
0.066,0.360358
0.067,0.366581
0.068,0.336889
0.069,0.37646
0.07,0.358872
0.071,0.399625
0.072,0.421113
0.073,0.366015
0.074,0.384868
0.075,0.340382
0.076,0.391661
0.077,0.411021
0.078,0.400497
0.079,0.372391
0.08,0.434381
0.081,0.446484
0.082,0.477782
0.083,0.365171
0.084,0.364388
0.085,0.392372
0.086,0.442335
0.087,0.34263
0.088,0.348964
0.089,0.447352
0.09,0.402917
0.091,0.35441
0.092,0.360216
0.093,0.379143
0.094,0.324813
0.095,0.353561
0.096,0.369082
0.097,0.35887
0.098,0.363134
0.099,0.338774
0.1,0.33752
0.101,0.347292
0.102,0.336152
0.103,0.334187
0.104,0.337555
0.105,0.309613
0.106,0.249431
0.107,0.31536
0.108,0.332161
0.109,0.268631
0.11,0.276751
0.111,0.255298
0.112,0.271422
0.113,0.282967
0.114,0.258181
0.115,0.242306
0.116,0.224834
0.117,0.242256
0.118,0.22128
0.119,0.189961
0.12,0.237275
0.121,0.248399
0.122,0.185936
0.123,0.188893
0.124,0.219554
0.125,0.167555
0.126,0.202676
0.127,0.140559
0.128,0.128682
0.129,0.0952384
0.13,0.142434
0.131,0.11709
0.132,0.0928982
0.133,0.098754
0.134,0.0875606
0.135,0.0744209
0.136,0.0305825
0.137,-0.0117768
0.138,0.0339054
0.139,0.0254444
0.14,0.0412549
0.141,0.0574165
0.142,-0.0480633
0.143,-0.00851531
0.144,0.0332364
0.145,-0.060147
0.146,-0.0478192
0.147,-0.0266558
0.148,-0.0106487
0.149,-0.0608663
0.15,-0.113497
0.151,-0.0676198
0.152,-0.0770339
0.153,-0.13734
0.154,-0.157035
0.155,-0.0705841
0.156,-0.169716
0.157,-0.167076
0.158,-0.158513
0.159,-0.127525
0.16,-0.16188
0.161,-0.166485
0.162,-0.208492
0.163,-0.219273
0.164,-0.152269
0.165,-0.223441
0.166,-0.205465
0.167,-0.206661
0.168,-0.277005
0.169,-0.322717
0.17,-0.259956
0.171,-0.222868
0.172,-0.254125
0.173,-0.302479
0.174,-0.286213
0.175,-0.290632
0.176,-0.288269
0.177,-0.301527
0.178,-0.279399
0.179,-0.375179
0.18,-0.305439
0.181,-0.343425
0.182,-0.347592
0.183,-0.267472
0.184,-0.302419
0.185,-0.351506
0.186,-0.383283
0.187,-0.401358
0.188,-0.359786
0.189,-0.373199
0.19,-0.388085
0.191,-0.369573
0.192,-0.374749
0.193,-0.335721
0.194,-0.426745
0.195,-0.414429
0.196,-0.374499
0.197,-0.396569
0.198,-0.44378
0.199,-0.425964
0.2,-0.444625
0.201,-0.355598
0.202,-0.371061
0.203,-0.389087
0.204,-0.392687
0.205,-0.405132
0.206,-0.411829
0.207,-0.481652
0.208,-0.376046
0.209,-0.431522
0.21,-0.413293
0.211,-0.430307
0.212,-0.391594
0.213,-0.372178
0.214,-0.317081
0.215,-0.326505
0.216,-0.396188
0.217,-0.392365
0.218,-0.301938
0.219,-0.394042
0.22,-0.394869
0.221,-0.340241
0.222,-0.362683
0.223,-0.3463
0.224,-0.339255
0.225,-0.404159
0.226,-0.322726
0.227,-0.375015
0.228,-0.350801
0.229,-0.322505
0.23,-0.359391
0.231,-0.313562
0.232,-0.303955
0.233,-0.270992
0.234,-0.28903
0.235,-0.303086
0.236,-0.355328
0.237,-0.272221
0.238,-0.279284
0.239,-0.27447
0.24,-0.211958
0.241,-0.276826
0.242,-0.252995
0.243,-0.215488
0.244,-0.241701
0.245,-0.216107
0.246,-0.20925
0.247,-0.219029
0.248,-0.105114
0.249,-0.205402
0.25,-0.169647
0.251,-0.13497
0.252,-0.10816
0.253,-0.179181
0.254,-0.105011
0.255,-0.087031
0.256,-0.149812
0.257,-0.100506
0.258,-0.125502
0.259,-0.0393829
0.26,-0.073212
0.261,-0.0661128
0.262,-0.108784
0.263,-0.0497647
0.264,-0.0690527
0.265,-0.0598817
0.266,-0.0359641
0.267,0.00380573
0.268,-0.014323
0.269,0.0214076
0.27,0.0752455
0.271,0.0527339
0.272,0.0651141
0.273,0.0637409
0.274,0.0589838
0.275,0.0613478
0.276,0.0870126
0.277,0.0551305
0.278,0.153906
0.279,0.0406363
0.28,0.0935122
0.281,0.168399
0.282,0.21993
0.283,0.138572
0.284,0.162024
0.285,0.170421
0.286,0.172323
0.287,0.250123
0.288,0.248943
0.289,0.183353
0.29,0.188959
0.291,0.178967
0.292,0.244933
0.293,0.269379
0.294,0.297375
0.295,0.203122
0.296,0.282957
0.297,0.282812
0.298,0.258554
0.299,0.327727
0.3,0.286065
0.301,0.303756
0.302,0.349481
0.303,0.294822
0.304,0.294813
0.305,0.337118
0.306,0.347856
0.307,0.341829
0.308,0.300516
0.309,0.349476
0.31,0.302801
0.311,0.379752
0.312,0.361879
0.313,0.31731
0.314,0.371663
0.315,0.341609
0.316,0.47672
0.317,0.347132
0.318,0.366088
0.319,0.414495
0.32,0.455129
0.321,0.405751
0.322,0.377442
0.323,0.378128
0.324,0.380566
0.325,0.396978
0.326,0.396656
0.327,0.325708
0.328,0.415495
0.329,0.427234
0.33,0.407741
0.331,0.384026
0.332,0.418172
0.333,0.460967
0.334,0.352106
0.335,0.377817
0.336,0.413179
0.337,0.352548
0.338,0.421085
0.339,0.410324
0.34,0.362677
0.341,0.342553
0.342,0.372345
0.343,0.364587
0.344,0.361308
0.345,0.399246
0.346,0.338797
0.347,0.460868
0.348,0.339651
0.349,0.39344
0.35,0.352189
0.351,0.363382
0.352,0.297652
0.353,0.330485
0.354,0.308761
0.355,0.276544
0.356,0.318582
0.357,0.300443
0.358,0.300988
0.359,0.308594
0.36,0.367105
0.361,0.238062
0.362,0.288066
0.363,0.277688
0.364,0.276573
0.365,0.304329
0.366,0.221279
0.367,0.246627
0.368,0.258873
0.369,0.231543
0.37,0.184949
0.371,0.164457
0.372,0.232767
0.373,0.181309
0.374,0.13621
0.375,0.117022
0.376,0.147699
0.377,0.167359
0.378,0.128965
0.379,0.146726
0.38,0.115845
0.381,0.12248
0.382,0.0704985
0.383,0.0363162
0.384,0.0902415
0.385,0.0486492
0.386,0.0691565
0.387,0.105112
0.388,0.0699731
0.389,0.0547199
0.39,0.065006
0.391,0.0368014
0.392,0.0233155
0.393,-0.00852216
0.394,-0.0334787
0.395,-0.00191207
0.396,-0.048967
0.397,-0.0270135
0.398,-0.0531611
0.399,-0.0741318
0.4,-0.06982
0.401,-0.0819819
0.402,-0.0251417
0.403,-0.132434
0.404,-0.106419
0.405,-0.125891
0.406,-0.141783
0.407,-0.163607
0.408,-0.154848
0.409,-0.177142
0.41,-0.169482
0.411,-0.165081
0.412,-0.151943
0.413,-0.184187
0.414,-0.16734
0.415,-0.180507
0.416,-0.257767
0.417,-0.21086
0.418,-0.26833
0.419,-0.246615
0.42,-0.221239
0.421,-0.292856
0.422,-0.26375
0.423,-0.321111
0.424,-0.266518
0.425,-0.32373
0.426,-0.281522
0.427,-0.339336
0.428,-0.314572
0.429,-0.33818
0.43,-0.294817
0.431,-0.33764
0.432,-0.35249
0.433,-0.356238
0.434,-0.334825
0.435,-0.350202
0.436,-0.337831
0.437,-0.36002
0.438,-0.364111
0.439,-0.383966
0.44,-0.322361
0.441,-0.399801
0.442,-0.422293
0.443,-0.351404
0.444,-0.396995
0.445,-0.441451
0.446,-0.422886
0.447,-0.420548
0.448,-0.342746
0.449,-0.427942
0.45,-0.390626
0.451,-0.399014
0.452,-0.427349
0.453,-0.39989
0.454,-0.444456
0.455,-0.419213
0.456,-0.420645
0.457,-0.355441
0.458,-0.390334
0.459,-0.397704
0.46,-0.425648
0.461,-0.417822
0.462,-0.44486
0.463,-0.349934
0.464,-0.397625
0.465,-0.401533
0.466,-0.362556
0.467,-0.34614
0.468,-0.383057
0.469,-0.412634
0.47,-0.336029
0.471,-0.341657
0.472,-0.341723
0.473,-0.353148
0.474,-0.383007
0.475,-0.307729
0.476,-0.376802
0.477,-0.359025
0.478,-0.336103
0.479,-0.322865
0.48,-0.353463
0.481,-0.277702
0.482,-0.276832
0.483,-0.332657
0.484,-0.300377
0.485,-0.219699
0.486,-0.278037
0.487,-0.273715
0.488,-0.184392
0.489,-0.272066
0.49,-0.214363
0.491,-0.214352
0.492,-0.253014
0.493,-0.232879
0.494,-0.237116
0.495,-0.21709
0.496,-0.213749
0.497,-0.201359
0.498,-0.226245
0.499,-0.211397
0.5,-0.15618
0.501,-0.1867
0.502,-0.112986
0.503,-0.134321
0.504,-0.149259
0.505,-0.179603
0.506,-0.124125
0.507,-0.111408
0.508,-0.107673
0.509,-0.0676534
0.51,-0.0620803
0.511,-0.0827841
0.512,-0.0648003
0.513,-0.0350477
0.514,-0.0303377
0.515,-0.0609244
0.516,-0.0652816
0.517,-0.00577411
0.518,0.0132429
0.519,0.0297568
0.52,0.0143012
0.521,-0.0204053
0.522,0.0924211
0.523,0.0517865
0.524,-0.0139583
0.525,0.085607
0.526,0.137345
0.527,0.176028
0.528,0.12274
0.529,0.142815
0.53,0.115182
0.531,0.131029
0.532,0.171564
0.533,0.167601
0.534,0.201079
0.535,0.141639
0.536,0.232274
0.537,0.159166
0.538,0.176636
0.539,0.250673
0.54,0.220558
0.541,0.215804
0.542,0.217868
0.543,0.221431
0.544,0.272558
0.545,0.279591
0.546,0.298079
0.547,0.257557
0.548,0.252633
0.549,0.30589
0.55,0.29065
0.551,0.314147
0.552,0.359393
0.553,0.272645
0.554,0.306071
0.555,0.312639
0.556,0.283174
0.557,0.361126
0.558,0.360622
0.559,0.335713
0.56,0.438299
0.561,0.38059
0.562,0.381293
0.563,0.425904
0.564,0.363826
0.565,0.38683
0.566,0.421409
0.567,0.348841
0.568,0.384659
0.569,0.39323
0.57,0.390316
0.571,0.403751
0.572,0.400724
0.573,0.393143
0.574,0.426312
0.575,0.391737
0.576,0.374417
0.577,0.338746
0.578,0.374263
0.579,0.427786
0.58,0.416583
0.581,0.349787
0.582,0.364261
0.583,0.443945
0.584,0.380623
0.585,0.391904
0.586,0.398916
0.587,0.360129
0.588,0.396206
0.589,0.391585
0.59,0.346605
0.591,0.396915
0.592,0.365663
0.593,0.307827
0.594,0.35522
0.595,0.401958
0.596,0.389196
0.597,0.364802
0.598,0.347832
0.599,0.312659
0.6,0.389242
0.601,0.338785
0.602,0.277556
0.603,0.334009
0.604,0.354708
0.605,0.302088
0.606,0.320917
0.607,0.348715
0.608,0.307254
0.609,0.281013
0.61,0.302285
0.611,0.240004
0.612,0.240675
0.613,0.240755
0.614,0.259431
0.615,0.244733
0.616,0.210102
0.617,0.23414
0.618,0.236991
0.619,0.215526
0.62,0.231912
0.621,0.195596
0.622,0.226348
0.623,0.192413
0.624,0.163369
0.625,0.16635
0.626,0.12007
0.627,0.189479
0.628,0.151996
0.629,0.12215
0.63,0.160454
0.631,0.0814747
0.632,0.093917
0.633,0.106347
0.634,0.0929359
0.635,0.0925697
0.636,0.0615037
0.637,0.0494063
0.638,0.027438
0.639,0.0419197
0.64,-0.061842
0.641,0.0559212
0.642,-0.0409941
0.643,-0.0195418
0.644,-0.0422981
0.645,-0.0315995
0.646,-0.0383124
0.647,-0.0788999
0.648,-0.0668196
0.649,-0.130322
0.65,-0.062628
0.651,-0.106759
0.652,-0.166299
0.653,-0.0724338
0.654,-0.151943
0.655,-0.146605
0.656,-0.114888
0.657,-0.121328
0.658,-0.128908
0.659,-0.163183
0.66,-0.143262
0.661,-0.212924
0.662,-0.189067
0.663,-0.198487
0.664,-0.206446
0.665,-0.153895
0.666,-0.202125
0.667,-0.196454
0.668,-0.267961
0.669,-0.268013
0.67,-0.329053
0.671,-0.296743
0.672,-0.284976
0.673,-0.247247
0.674,-0.221791
0.675,-0.289409
0.676,-0.282719
0.677,-0.311545
0.678,-0.310466
0.679,-0.33251
0.68,-0.328257
0.681,-0.309216
0.682,-0.323933
0.683,-0.368682
0.684,-0.395566
0.685,-0.342955
0.686,-0.337988
0.687,-0.365899
0.688,-0.425465
0.689,-0.412647
0.69,-0.415063
0.691,-0.334764
0.692,-0.413271
0.693,-0.337774
0.694,-0.389747
0.695,-0.395329
0.696,-0.389365
0.697,-0.399426
0.698,-0.470573
0.699,-0.390932
0.7,-0.352605
0.701,-0.373775
0.702,-0.435835
0.703,-0.36429
0.704,-0.402531
0.705,-0.372083
0.706,-0.465495
0.707,-0.374226
0.708,-0.333774
0.709,-0.404586
0.71,-0.420498
0.711,-0.392932
0.712,-0.387582
0.713,-0.380346
0.714,-0.313455
0.715,-0.311793
0.716,-0.390226
0.717,-0.364578
0.718,-0.434655
0.719,-0.35466
0.72,-0.344694
0.721,-0.363225
0.722,-0.394153
0.723,-0.346374
0.724,-0.394721
0.725,-0.320519
0.726,-0.397155
0.727,-0.335661
0.728,-0.34908
0.729,-0.31658
0.73,-0.320995
0.731,-0.265656
0.732,-0.335225
0.733,-0.276759
0.734,-0.295708
0.735,-0.301592
0.736,-0.313491
0.737,-0.251673
0.738,-0.240538
0.739,-0.233263
0.74,-0.253111
0.741,-0.238361
0.742,-0.254079
0.743,-0.234452
0.744,-0.252752
0.745,-0.215864
0.746,-0.164902
0.747,-0.206254
0.748,-0.207934
0.749,-0.167753
0.75,-0.188232
0.751,-0.193421
0.752,-0.173175
0.753,-0.0803151
0.754,-0.204152
0.755,-0.133772
0.756,-0.0793774
0.757,-0.102386
0.758,-0.0724642
0.759,-0.0489891
0.76,-0.0741688
0.761,-0.0934808
0.762,-0.0478744
0.763,-0.0141515
0.764,-0.00913517
0.765,0.00304906
0.766,0.0138148
0.767,-0.0220017
0.768,0.0487286
0.769,0.0465714
0.77,0.0405302
0.771,0.00408109
0.772,0.0874579
0.773,0.0446235
0.774,0.088552
0.775,0.0972924
0.776,0.10265
0.777,0.130905
0.778,0.145595
0.779,0.133989
0.78,0.158958
0.781,0.124143
0.782,0.137018
0.783,0.203364
0.784,0.120816
0.785,0.19126
0.786,0.149724
0.787,0.197158
0.788,0.238756
0.789,0.238444
0.79,0.215231
0.791,0.239934
0.792,0.235649
0.793,0.25312
0.794,0.219934
0.795,0.259529
0.796,0.326582
0.797,0.299184
0.798,0.274944
0.799,0.356688
0.8,0.305471
0.801,0.30666
0.802,0.300571
0.803,0.411835
0.804,0.268444
0.805,0.342464
0.806,0.292747
0.807,0.3491
0.808,0.384822
0.809,0.367067
0.81,0.380154
0.811,0.363019
0.812,0.337844
0.813,0.360802
0.814,0.358686
0.815,0.347307
0.816,0.366765
0.817,0.360325
0.818,0.392896
0.819,0.389002
0.82,0.374168
0.821,0.333438
0.822,0.40236
0.823,0.365725
0.824,0.380711
0.825,0.481128
0.826,0.382118
0.827,0.375315
0.828,0.392124
0.829,0.318556
0.83,0.361652
0.831,0.449562
0.832,0.407456
0.833,0.416201
0.834,0.422517
0.835,0.396081
0.836,0.383089
0.837,0.407845
0.838,0.400784
0.839,0.362984
0.84,0.389415
0.841,0.419468
0.842,0.353405
0.843,0.36307
0.844,0.334557
0.845,0.304229
0.846,0.385998
0.847,0.408582
0.848,0.374969
0.849,0.361065
0.85,0.336193
0.851,0.343958
0.852,0.321376
0.853,0.389604
0.854,0.351072
0.855,0.263574
0.856,0.290841
0.857,0.265307
0.858,0.327679
0.859,0.296723
0.86,0.23384
0.861,0.298785
0.862,0.269477
0.863,0.217749
0.864,0.261084
0.865,0.233496
0.866,0.224945
0.867,0.258218
0.868,0.247364
0.869,0.193642
0.87,0.207794
0.871,0.15993
0.872,0.174855
0.873,0.204575
0.874,0.13823
0.875,0.16585
0.876,0.171535
0.877,0.17723
0.878,0.141007
0.879,0.120733
0.88,0.11687
0.881,0.0860094
0.882,0.11368
0.883,0.118785
0.884,0.102986
0.885,0.0664684
0.886,0.0466241
0.887,0.0242611
0.888,0.023445
0.889,0.0324264
0.89,0.0725024
0.891,0.0822265
0.892,0.0230341
0.893,0.0210832
0.894,-0.0172516
0.895,-0.0547476
0.896,-0.0698549
0.897,-0.0717608
0.898,-0.0909257
0.899,-0.0930353
0.9,-0.0600278
0.901,-0.135401
0.902,-0.0860822
0.903,-0.0684435
0.904,-0.109081
0.905,-0.137493
0.906,-0.0569198
0.907,-0.0825093
0.908,-0.17329
0.909,-0.212785
0.91,-0.174757
0.911,-0.207184
0.912,-0.152646
0.913,-0.189015
0.914,-0.194212
0.915,-0.181518
0.916,-0.27961
0.917,-0.204712
0.918,-0.264406
0.919,-0.29381
0.92,-0.239938
0.921,-0.270592
0.922,-0.264022
0.923,-0.289438
0.924,-0.269748
0.925,-0.316211
0.926,-0.311991
0.927,-0.281608
0.928,-0.271382
0.929,-0.333366
0.93,-0.35217
0.931,-0.331047
0.932,-0.251329
0.933,-0.316609
0.934,-0.350745
0.935,-0.403814
0.936,-0.381794
0.937,-0.31212
0.938,-0.366937
0.939,-0.335359
0.94,-0.322588
0.941,-0.406402
0.942,-0.371689
0.943,-0.411247
0.944,-0.401428
0.945,-0.444403
0.946,-0.350077
0.947,-0.383791
0.948,-0.382554
0.949,-0.443387
0.95,-0.424815
0.951,-0.363963
0.952,-0.432949
0.953,-0.442027
0.954,-0.435688
0.955,-0.395085
0.956,-0.385251
0.957,-0.382074
0.958,-0.378219
0.959,-0.413974
0.96,-0.37909
0.961,-0.440265
0.962,-0.403789
0.963,-0.413974
0.964,-0.383631
0.965,-0.404312
0.966,-0.387623
0.967,-0.389584
0.968,-0.410704
0.969,-0.387214
0.97,-0.375097
0.971,-0.431681
0.972,-0.382095
0.973,-0.378975
0.974,-0.38165
0.975,-0.332143
0.976,-0.327023
0.977,-0.294832
0.978,-0.331215
0.979,-0.308266
0.98,-0.325721
0.981,-0.339649
0.982,-0.258087
0.983,-0.323225
0.984,-0.300011
0.985,-0.253334
0.986,-0.324132
0.987,-0.271411
0.988,-0.262083
0.989,-0.27327
0.99,-0.164502
0.991,-0.227254
0.992,-0.232838
0.993,-0.19866
0.994,-0.262056
0.995,-0.225309
0.996,-0.216809
0.997,-0.151258
0.998,-0.203813
0.999,-0.174723
1,-0.137237
1.001,-0.102417
1.002,-0.161666
1.003,-0.136429
1.004,-0.122819
1.005,-0.0774329
1.006,-0.0917388
1.007,-0.0533443
1.008,-0.117232
1.009,-0.0874223
1.01,-0.12451
1.011,-0.13113
1.012,-0.0576734
1.013,0.0164047
1.014,0.0041327
1.015,-3.43515e-05
1.016,-0.0177319
1.017,0.018925
1.018,0.0914345
1.019,0.0196762
1.02,0.0313383
1.021,0.0415043
1.022,0.0323662
1.023,0.0819435
1.024,0.120252
1.025,0.0518714
1.026,0.105349
1.027,0.165764
1.028,0.0589795
1.029,0.111028
1.03,0.0980553
1.031,0.123519
1.032,0.107805
1.033,0.102398
1.034,0.199566
1.035,0.168264
1.036,0.103151
1.037,0.168792
1.038,0.190486
1.039,0.189072
1.04,0.283971
1.041,0.168884
1.042,0.270226
1.043,0.24256
1.044,0.218021
1.045,0.242446
1.046,0.249898
1.047,0.225611
1.048,0.227473
1.049,0.24943
1.05,0.338341
1.051,0.304582
1.052,0.365387
1.053,0.325894
1.054,0.383407
1.055,0.273752
1.056,0.378228
1.057,0.349782
1.058,0.281237
1.059,0.297851
1.06,0.329897
1.061,0.325904
1.062,0.357481
1.063,0.302461
1.064,0.405801
1.065,0.401416
1.066,0.408383
1.067,0.390564
1.068,0.428007
1.069,0.362895
1.07,0.391868
1.071,0.367221
1.072,0.42431
1.073,0.362575
1.074,0.393187
1.075,0.392701
1.076,0.416407
1.077,0.402301
1.078,0.416081
1.079,0.379014
1.08,0.398167
1.081,0.422539
1.082,0.441271
1.083,0.436279
1.084,0.389518
1.085,0.353726
1.086,0.376542
1.087,0.410869
1.088,0.439456
1.089,0.415638
1.09,0.374615
1.091,0.418973
1.092,0.358009
1.093,0.397929
1.094,0.410313
1.095,0.319454
1.096,0.421586
1.097,0.353845
1.098,0.353289
1.099,0.395819
1.1,0.384103
1.101,0.373385
1.102,0.296394
1.103,0.355955
1.104,0.332252
1.105,0.352692
1.106,0.335077
1.107,0.253798
1.108,0.303226
1.109,0.311549
1.11,0.30234
1.111,0.307117
1.112,0.289543
1.113,0.206161
1.114,0.246937
1.115,0.264688
1.116,0.240598
1.117,0.211989
1.118,0.270177
1.119,0.195621
1.12,0.203757
1.121,0.150384
1.122,0.154656
1.123,0.154701
1.124,0.208872
1.125,0.16043
1.126,0.216525
1.127,0.0832427
1.128,0.161031
1.129,0.174635
1.13,0.0863937
1.131,0.122326
1.132,0.119521
1.133,0.0892388
1.134,0.129355
1.135,0.0586608
1.136,0.0844554
1.137,0.0855125
1.138,-0.000691638
1.139,-0.0313624
1.14,-0.00301566
1.141,-0.039401
1.142,-0.00670887
1.143,-0.0478917
1.144,-0.00689855
1.145,-0.0525103
1.146,-0.0827463
1.147,-0.0324523
1.148,-0.014828
1.149,-0.076973
1.15,-0.0520874
1.151,-0.103124
1.152,-0.133111
1.153,-0.120506
1.154,-0.0910757
1.155,-0.124932
1.156,-0.17262
1.157,-0.141919
1.158,-0.150441
1.159,-0.173815
1.16,-0.179571
1.161,-0.176782
1.162,-0.235622
1.163,-0.200716
1.164,-0.221458
1.165,-0.229291
1.166,-0.21356
1.167,-0.256699
1.168,-0.167885
1.169,-0.274607
1.17,-0.210272
1.171,-0.256092
1.172,-0.279605
1.173,-0.316484
1.174,-0.280759
1.175,-0.370275
1.176,-0.379251
1.177,-0.310122
1.178,-0.326781
1.179,-0.264724
1.18,-0.290608
1.181,-0.270753
1.182,-0.303612
1.183,-0.388653
1.184,-0.289252
1.185,-0.325088
1.186,-0.381854
1.187,-0.35136
1.188,-0.348595
1.189,-0.398101
1.19,-0.341507
1.191,-0.368356
1.192,-0.303624
1.193,-0.386699
1.194,-0.426259
1.195,-0.401098
1.196,-0.377654
1.197,-0.438777
1.198,-0.429401
1.199,-0.394619
1.2,-0.364027
1.201,-0.389334
1.202,-0.445108
1.203,-0.388961
1.204,-0.434095
1.205,-0.360875
1.206,-0.481068
1.207,-0.355805
1.208,-0.395495
1.209,-0.382592
1.21,-0.438355
1.211,-0.373262
1.212,-0.343289
1.213,-0.375609
1.214,-0.376992
1.215,-0.343884
1.216,-0.431484
1.217,-0.33143
1.218,-0.403832
1.219,-0.391593
1.22,-0.359934
1.221,-0.371512
1.222,-0.337799
1.223,-0.347828
1.224,-0.320057
1.225,-0.361306
1.226,-0.348987
1.227,-0.395859
1.228,-0.314847
1.229,-0.341284
1.23,-0.293242
1.231,-0.328013
1.232,-0.327509
1.233,-0.278672
1.234,-0.347497
1.235,-0.331405
1.236,-0.360154
1.237,-0.288705
1.238,-0.291652
1.239,-0.226462
1.24,-0.281165
1.241,-0.206513
1.242,-0.207232
1.243,-0.266297
1.244,-0.196747
1.245,-0.273843
1.246,-0.255152
1.247,-0.182751
1.248,-0.230844
1.249,-0.165469
1.25,-0.163974
1.251,-0.164257
1.252,-0.206572
1.253,-0.132246
1.254,-0.0973285
1.255,-0.122814
1.256,-0.168124
1.257,-0.105403
1.258,-0.039657
1.259,-0.0432763
1.26,-0.0668725
1.261,-0.0741608
1.262,-0.0668332
1.263,-0.0657406
1.264,-0.00792705
1.265,-0.0609007
1.266,0.099013
1.267,0.0126994
1.268,0.0938989
1.269,0.0420466
1.27,0.0346078
1.271,0.0819499
1.272,0.0769971
1.273,0.0613043
1.274,0.0745671
1.275,0.0655891
1.276,0.0435724
1.277,0.104859
1.278,0.138606
1.279,0.135246
1.28,0.114872
1.281,0.137587
1.282,0.180742
1.283,0.164439
1.284,0.139161
1.285,0.163112
1.286,0.130875
1.287,0.227008
1.288,0.200711
1.289,0.217661
1.29,0.20949
1.291,0.233702
1.292,0.210569
1.293,0.236175
1.294,0.274677
1.295,0.197178
1.296,0.233066
1.297,0.27318
1.298,0.246196
1.299,0.313816
1.3,0.281665
1.301,0.319475
1.302,0.297988
1.303,0.307626
1.304,0.291735
1.305,0.283908
1.306,0.304286
1.307,0.38721
1.308,0.392083
1.309,0.345646
1.31,0.367289
1.311,0.384776
1.312,0.326128
1.313,0.359457
1.314,0.39352
1.315,0.389676
1.316,0.40249
1.317,0.348539
1.318,0.347745
1.319,0.326313
1.32,0.383526
1.321,0.430975
1.322,0.439161
1.323,0.38896
1.324,0.448839
1.325,0.432247
1.326,0.380096
1.327,0.401623
1.328,0.406809
1.329,0.356212
1.33,0.426666
1.331,0.392767
1.332,0.359474
1.333,0.405702
1.334,0.382723
1.335,0.444263
1.336,0.451075
1.337,0.420534
1.338,0.388691
1.339,0.413617
1.34,0.362231
1.341,0.380175
1.342,0.414619
1.343,0.36778
1.344,0.407867
1.345,0.424692
1.346,0.324084
1.347,0.38484
1.348,0.348391
1.349,0.383741
1.35,0.388839
1.351,0.318605
1.352,0.365199
1.353,0.35552
1.354,0.267457
1.355,0.333813
1.356,0.318988
1.357,0.363233
1.358,0.294483
1.359,0.328443
1.36,0.329563
1.361,0.259825
1.362,0.273119
1.363,0.300567
1.364,0.232074
1.365,0.27416
1.366,0.221081
1.367,0.255436
1.368,0.293173
1.369,0.204146
1.37,0.179111
1.371,0.1739
1.372,0.170453
1.373,0.237479
1.374,0.228766
1.375,0.206956
1.376,0.187692
1.377,0.174994
1.378,0.141415
1.379,0.139492
1.38,0.0908376
1.381,0.142119
1.382,0.1533
1.383,0.0741124
1.384,0.0620221
1.385,0.109136
1.386,0.0668505
1.387,0.116648
1.388,0.0296315
1.389,0.0264153
1.39,0.0321422
1.391,-0.046396
1.392,-0.0321212
1.393,-0.0404217
1.394,0.00348399
1.395,-0.0178749
1.396,-0.064778
1.397,-0.0363122
1.398,-0.0844106
1.399,-0.0729807
1.4,-0.0449334
1.401,-0.122575
1.402,-0.106864
1.403,-0.11271
1.404,-0.152971
1.405,-0.128575
1.406,-0.106572
1.407,-0.201687
1.408,-0.122924
1.409,-0.0760607
1.41,-0.184072
1.411,-0.15246
1.412,-0.246276
1.413,-0.247981
1.414,-0.191101
1.415,-0.215066
1.416,-0.269711
1.417,-0.225639
1.418,-0.205846
1.419,-0.279963
1.42,-0.269128
1.421,-0.237007
1.422,-0.183634
1.423,-0.325126
1.424,-0.288272
1.425,-0.31045
1.426,-0.332014
1.427,-0.282694
1.428,-0.360224
1.429,-0.283509
1.43,-0.350466
1.431,-0.309231
1.432,-0.39881
1.433,-0.30186
1.434,-0.354513
1.435,-0.412504
1.436,-0.348856
1.437,-0.341611
1.438,-0.301902
1.439,-0.405303
1.44,-0.422966
1.441,-0.324034
1.442,-0.351006
1.443,-0.334155
1.444,-0.36525
1.445,-0.396609
1.446,-0.39593
1.447,-0.371142
1.448,-0.366789
1.449,-0.420845
1.45,-0.410609
1.451,-0.444119
1.452,-0.42734
1.453,-0.423613
1.454,-0.397219
1.455,-0.462573
1.456,-0.4338
1.457,-0.412273
1.458,-0.421082
1.459,-0.418874
1.46,-0.410153
1.461,-0.437388
1.462,-0.342086
1.463,-0.369382
1.464,-0.358577
1.465,-0.393907
1.466,-0.387824
1.467,-0.363043
1.468,-0.354302
1.469,-0.314503
1.47,-0.384979
1.471,-0.310357
1.472,-0.383206
1.473,-0.353562
1.474,-0.307332
1.475,-0.324998
1.476,-0.369473
1.477,-0.315614
1.478,-0.270215
1.479,-0.31025
1.48,-0.285916
1.481,-0.305647
1.482,-0.336363
1.483,-0.326802
1.484,-0.289551
1.485,-0.307736
1.486,-0.265731
1.487,-0.244282
1.488,-0.229159
1.489,-0.27726
1.49,-0.263974
1.491,-0.21519
1.492,-0.258136
1.493,-0.216493
1.494,-0.270792
1.495,-0.214286
1.496,-0.216636
1.497,-0.137272
1.498,-0.203153
1.499,-0.117291
1.5,-0.143643
1.501,-0.112361
1.502,-0.155614
1.503,-0.0924343
1.504,-0.123282
1.505,-0.106712
1.506,-0.138273
1.507,-0.0587975
1.508,-0.0434114
1.509,-0.0458738
1.51,-0.0948704
1.511,-0.0956631
1.512,-0.0507194
1.513,-0.0990906
1.514,0.00307212
1.515,-0.0235096
1.516,0.0533135
1.517,0.0136949
1.518,0.0383585
1.519,0.0660637
1.52,0.0319959
1.521,0.068592
1.522,0.010523
1.523,0.0520549
1.524,0.0279739
1.525,0.10979
1.526,0.0826456
1.527,0.0159551
1.528,0.0946383
1.529,0.0912539
1.53,0.0925377
1.531,0.121528
1.532,0.132792
1.533,0.123683
1.534,0.244579
1.535,0.160473
1.536,0.191696
1.537,0.191488
1.538,0.204077
1.539,0.169119
1.54,0.215214
1.541,0.285821
1.542,0.230128
1.543,0.227355
1.544,0.225829
1.545,0.222256
1.546,0.243521
1.547,0.243629
1.548,0.333972
1.549,0.353829
1.55,0.224222
1.551,0.309887
1.552,0.259377
1.553,0.336203
1.554,0.340076
1.555,0.352416
1.556,0.382175
1.557,0.414978
1.558,0.351348
1.559,0.363123
1.56,0.412162
1.561,0.425804
1.562,0.353831
1.563,0.365008
1.564,0.392199
1.565,0.390569
1.566,0.419454
1.567,0.373257
1.568,0.388355
1.569,0.347633
1.57,0.370156
1.571,0.392841
1.572,0.351598
1.573,0.395791
1.574,0.360615
1.575,0.390075
1.576,0.41628
1.577,0.40764
1.578,0.391009
1.579,0.409081
1.58,0.418896
1.581,0.441332
1.582,0.390615
1.583,0.449458
1.584,0.370389
1.585,0.397786
1.586,0.448343
1.587,0.377976
1.588,0.377801
1.589,0.424598
1.59,0.403304
1.591,0.413296
1.592,0.329773
1.593,0.377074
1.594,0.356452
1.595,0.37028
1.596,0.415831
1.597,0.311416
1.598,0.378559
1.599,0.289415
1.6,0.341346
1.601,0.313918
1.602,0.366073
1.603,0.339265
1.604,0.322564
1.605,0.292868
1.606,0.277776
1.607,0.263446
1.608,0.278048
1.609,0.311062
1.61,0.295104
1.611,0.245346
1.612,0.283573
1.613,0.29186
1.614,0.29788
1.615,0.213799
1.616,0.309288
1.617,0.251283
1.618,0.218367
1.619,0.248275
1.62,0.133087
1.621,0.170014
1.622,0.161962
1.623,0.216151
1.624,0.165515
1.625,0.186283
1.626,0.184031
1.627,0.141012
1.628,0.137749
1.629,0.196323
1.63,0.129643
1.631,0.0357052
1.632,0.0811552
1.633,0.0746922
1.634,0.0958287
1.635,0.036082
1.636,0.0982303
1.637,0.0177294
1.638,0.0312735
1.639,0.00258419
1.64,0.0557243
1.641,-0.00969794
1.642,0.0257644
1.643,0.0160762
1.644,-0.0270748
1.645,0.0151208
1.646,-0.0629122
1.647,-0.00415393
1.648,-0.0653155
1.649,-0.0453911
1.65,-0.0506526
1.651,-0.074926
1.652,-0.082977
1.653,-0.121386
1.654,-0.126969
1.655,-0.140333
1.656,-0.190627
1.657,-0.134002
1.658,-0.140556
1.659,-0.178011
1.66,-0.187496
1.661,-0.241402
1.662,-0.152978
1.663,-0.19063
1.664,-0.236318
1.665,-0.280878
1.666,-0.203357
1.667,-0.30193
1.668,-0.252888
1.669,-0.284535
1.67,-0.285152
1.671,-0.269313
1.672,-0.296645
1.673,-0.244227
1.674,-0.331352
1.675,-0.298047
1.676,-0.338512
1.677,-0.367262
1.678,-0.280691
1.679,-0.321922
1.68,-0.274615
1.681,-0.34267
1.682,-0.265275
1.683,-0.315415
1.684,-0.329499
1.685,-0.381656
1.686,-0.371614
1.687,-0.374619
1.688,-0.372117
1.689,-0.38901
1.69,-0.388825
1.691,-0.34667
1.692,-0.424686
1.693,-0.423839
1.694,-0.397873
1.695,-0.366377
1.696,-0.392531
1.697,-0.382527
1.698,-0.37232
1.699,-0.393161
1.7,-0.398277
1.701,-0.436621
1.702,-0.40315
1.703,-0.388132
1.704,-0.40323
1.705,-0.369173
1.706,-0.366759
1.707,-0.411696
1.708,-0.367497
1.709,-0.34487
1.71,-0.383403
1.711,-0.347328
1.712,-0.406569
1.713,-0.373669
1.714,-0.424254
1.715,-0.374715
1.716,-0.339806
1.717,-0.332153
1.718,-0.352323
1.719,-0.369733
1.72,-0.337116
1.721,-0.296404
1.722,-0.383383
1.723,-0.373684
1.724,-0.279539
1.725,-0.271714
1.726,-0.326198
1.727,-0.307069
1.728,-0.250311
1.729,-0.3911
1.73,-0.377341
1.731,-0.310088
1.732,-0.306644
1.733,-0.335775
1.734,-0.332038
1.735,-0.268552
1.736,-0.251857
1.737,-0.265016
1.738,-0.234162
1.739,-0.253103
1.74,-0.260812
1.741,-0.210284
1.742,-0.273565
1.743,-0.253271
1.744,-0.211764
1.745,-0.187958
1.746,-0.191368
1.747,-0.218611
1.748,-0.138843
1.749,-0.186543
1.75,-0.116554
1.751,-0.126663
1.752,-0.13496
1.753,-0.127358
1.754,-0.169273
1.755,-0.0814313
1.756,-0.117967
1.757,-0.0930458
1.758,-0.108185
1.759,-0.132192
1.76,-0.0587647
1.761,-0.0222404
1.762,-0.0234653
1.763,-0.0600161
1.764,-0.00946256
1.765,-0.0556056
1.766,0.0066548
1.767,0.0605985
1.768,-0.000698895
1.769,-0.0182858
1.77,0.0399148
1.771,0.0419801
1.772,0.0517491
1.773,0.0806348
1.774,0.0982501
1.775,0.0756187
1.776,0.066263
1.777,0.101531
1.778,0.138361
1.779,0.117205
1.78,0.132518
1.781,0.157995
1.782,0.151927
1.783,0.139672
1.784,0.206525
1.785,0.168587
1.786,0.188336
1.787,0.240468
1.788,0.194912
1.789,0.244481
1.79,0.288924
1.791,0.264007
1.792,0.248018
1.793,0.247276
1.794,0.291431
1.795,0.281458
1.796,0.264611
1.797,0.222251
1.798,0.274945
1.799,0.263391
1.8,0.286445
1.801,0.25148
1.802,0.263076
1.803,0.310674
1.804,0.309927
1.805,0.342022
1.806,0.357267
1.807,0.296614
1.808,0.346913
1.809,0.37562
1.81,0.413268
1.811,0.304392
1.812,0.387828
1.813,0.410416
1.814,0.374104
1.815,0.362327
1.816,0.447439
1.817,0.392805
1.818,0.399463
1.819,0.382882
1.82,0.39973
1.821,0.421272
1.822,0.385516
1.823,0.422504
1.824,0.379825
1.825,0.387966
1.826,0.437242
1.827,0.395007
1.828,0.409632
1.829,0.40578
1.83,0.424583
1.831,0.437907
1.832,0.422602
1.833,0.373812
1.834,0.388516
1.835,0.400677
1.836,0.369837
1.837,0.373422
1.838,0.400056
1.839,0.415332
1.84,0.382963
1.841,0.351757
1.842,0.371105
1.843,0.336769
1.844,0.365971
1.845,0.38897
1.846,0.410862
1.847,0.343615
1.848,0.356771
1.849,0.349456
1.85,0.282418
1.851,0.404574
1.852,0.392654
1.853,0.287778
1.854,0.332184
1.855,0.295666
1.856,0.318086
1.857,0.359992
1.858,0.280509
1.859,0.321812
1.86,0.229481
1.861,0.303079
1.862,0.308564
1.863,0.232756
1.864,0.223848
1.865,0.168093
1.866,0.198206
1.867,0.262964
1.868,0.244742
1.869,0.189676
1.87,0.1901
1.871,0.235156
1.872,0.165663
1.873,0.189882
1.874,0.184524
1.875,0.112644
1.876,0.147282
1.877,0.125632
1.878,0.109047
1.879,0.112806
1.88,0.171254
1.881,0.132568
1.882,0.0612684
1.883,0.108351
1.884,0.0223479
1.885,0.0454731
1.886,0.137564
1.887,0.043637
1.888,-0.0207282
1.889,0.0187063
1.89,0.0233552
1.891,0.0297012
1.892,0.0206264
1.893,-0.00805244
1.894,0.0170006
1.895,0.0189343
1.896,-0.0877747
1.897,-0.0812054
1.898,-0.131912
1.899,-0.00523294
1.9,-0.104039
1.901,-0.131076
1.902,-0.126205
1.903,-0.133198
1.904,-0.118481
1.905,-0.12492
1.906,-0.166121
1.907,-0.150929
1.908,-0.169327
1.909,-0.16456
1.91,-0.181014
1.911,-0.203515
1.912,-0.141771
1.913,-0.217662
1.914,-0.213171
1.915,-0.200901
1.916,-0.233617
1.917,-0.245829
1.918,-0.256731
1.919,-0.222908
1.92,-0.257824
1.921,-0.24364
1.922,-0.288755
1.923,-0.269365
1.924,-0.328628
1.925,-0.236188
1.926,-0.322164
1.927,-0.326125
1.928,-0.317782
1.929,-0.326915
1.93,-0.313652
1.931,-0.306354
1.932,-0.375005
1.933,-0.33638
1.934,-0.37549
1.935,-0.330263
1.936,-0.36751
1.937,-0.349136
1.938,-0.302917
1.939,-0.358395
1.94,-0.387599
1.941,-0.421208
1.942,-0.380006
1.943,-0.380258
1.944,-0.37158
1.945,-0.376962
1.946,-0.354551
1.947,-0.325955
1.948,-0.417663
1.949,-0.388934
1.95,-0.376785
1.951,-0.402767
1.952,-0.424968
1.953,-0.441481
1.954,-0.42396
1.955,-0.393918
1.956,-0.415048
1.957,-0.453909
1.958,-0.428982
1.959,-0.387026
1.96,-0.397022
1.961,-0.438064
1.962,-0.383212
1.963,-0.356056
1.964,-0.37388
1.965,-0.341257
1.966,-0.366391
1.967,-0.342267
1.968,-0.361033
1.969,-0.351051
1.97,-0.423589
1.971,-0.427971
1.972,-0.362342
1.973,-0.29173
1.974,-0.342697
1.975,-0.326335
1.976,-0.283823
1.977,-0.282457
1.978,-0.304903
1.979,-0.365565
1.98,-0.365353
1.981,-0.344525
1.982,-0.303146
1.983,-0.268804
1.984,-0.310893
1.985,-0.264375
1.986,-0.324013
1.987,-0.281011
1.988,-0.287213
1.989,-0.264563
1.99,-0.276895
1.991,-0.245892
1.992,-0.237259
1.993,-0.222066
1.994,-0.232886
1.995,-0.232243
1.996,-0.198634
1.997,-0.208176
1.998,-0.160266
1.999,-0.158024
2,-0.183735
2.001,-0.186073
2.002,-0.12882
2.003,-0.138648
2.004,-0.110489
2.005,-0.169299
2.006,-0.147876
2.007,-0.122838
2.008,-0.112633
2.009,-0.0507488
2.01,-0.0887203
2.011,-0.0295772
2.012,-0.0183592
2.013,-0.0568335
2.014,-0.0841286
2.015,-0.0452897
2.016,0.0075326
2.017,-0.00265918
2.018,0.0118698
2.019,0.00684006
2.02,0.0492435
2.021,0.0178195
2.022,0.0498752
2.023,0.0941974
2.024,0.0907478
2.025,0.077907
2.026,0.101092
2.027,0.126675
2.028,0.0766624
2.029,0.0779607
2.03,0.135086
2.031,0.086111
2.032,0.145301
2.033,0.141599
2.034,0.220611
2.035,0.156544
2.036,0.18501
2.037,0.188574
2.038,0.219426
2.039,0.2339
2.04,0.193662
2.041,0.301553
2.042,0.271808
2.043,0.255825
2.044,0.228999
2.045,0.2723
2.046,0.274383
2.047,0.264813
2.048,0.278963
2.049,0.270578
2.05,0.278354
2.051,0.286209
2.052,0.308371
2.053,0.253524
2.054,0.396195
2.055,0.309559
2.056,0.302588
2.057,0.326706
2.058,0.337312
2.059,0.278199
2.06,0.328428
2.061,0.327722
2.062,0.371782
2.063,0.342924
2.064,0.369656
2.065,0.383803
2.066,0.415411
2.067,0.415843
2.068,0.414137
2.069,0.354645
2.07,0.363167
2.071,0.397462
2.072,0.385978
2.073,0.429078
2.074,0.37604
2.075,0.406089
2.076,0.361344
2.077,0.394105
2.078,0.405285
2.079,0.429684
2.08,0.377757
2.081,0.411861
2.082,0.375289
2.083,0.443647
2.084,0.422575
2.085,0.430548
2.086,0.384477
2.087,0.421564
2.088,0.358491
2.089,0.423829
2.09,0.372549
2.091,0.391266
2.092,0.332691
2.093,0.378294
2.094,0.345771
2.095,0.324912
2.096,0.37275
2.097,0.346988
2.098,0.3375
2.099,0.35284
2.1,0.360928
2.101,0.337043
2.102,0.345384
2.103,0.274941
2.104,0.332043
2.105,0.297237
2.106,0.348514
2.107,0.274327
2.108,0.309032
2.109,0.335568
2.11,0.291814
2.111,0.285557
2.112,0.294574
2.113,0.248895
2.114,0.238193
2.115,0.222753
2.116,0.26262
2.117,0.257496
2.118,0.23371
2.119,0.242716
2.12,0.164489
2.121,0.179183
2.122,0.169104
2.123,0.181701
2.124,0.20759
2.125,0.153386
2.126,0.0848683
2.127,0.146739
2.128,0.111967
2.129,0.165302
2.13,0.151739
2.131,0.0838436
2.132,0.135779
2.133,0.0917943
2.134,0.074552
2.135,0.0616161
2.136,0.0994098
2.137,0.118185
2.138,0.0105885
2.139,-0.00425506
2.14,-0.0062845
2.141,0.0190284
2.142,0.0538534
2.143,-0.0255227
2.144,-0.0783367
2.145,-0.0325222
2.146,-0.0389053
2.147,-0.0245455
2.148,-0.0411186
2.149,-0.0665995
2.15,-0.0948934
2.151,-0.103332
2.152,-0.0715001
2.153,-0.134548
2.154,-0.128788
2.155,-0.101063
2.156,-0.158515
2.157,-0.164576
2.158,-0.145775
2.159,-0.163763
2.16,-0.176665
2.161,-0.136641
2.162,-0.183069
2.163,-0.184834
2.164,-0.17574
2.165,-0.190919
2.166,-0.252304
2.167,-0.17839
2.168,-0.234793
2.169,-0.271852
2.17,-0.26801
2.171,-0.249573
2.172,-0.270675
2.173,-0.242458
2.174,-0.282269
2.175,-0.314644
2.176,-0.284601
2.177,-0.301374
2.178,-0.394862
2.179,-0.32961
2.18,-0.354092
2.181,-0.368457
2.182,-0.312452
2.183,-0.343626
2.184,-0.378195
2.185,-0.401947
2.186,-0.354675
2.187,-0.425299
2.188,-0.401866
2.189,-0.408478
2.19,-0.394451
2.191,-0.351555
2.192,-0.387657
2.193,-0.404017
2.194,-0.390968
2.195,-0.417
2.196,-0.382831
2.197,-0.361851
2.198,-0.414506
2.199,-0.388403
2.2,-0.416217
2.201,-0.395978
2.202,-0.373132
2.203,-0.385972
2.204,-0.427759
2.205,-0.410778
2.206,-0.312712
2.207,-0.362993
2.208,-0.404791
2.209,-0.420281
2.21,-0.40056
2.211,-0.43078
2.212,-0.388065
2.213,-0.35398
2.214,-0.423029
2.215,-0.352533
2.216,-0.410757
2.217,-0.43654
2.218,-0.450348
2.219,-0.357984
2.22,-0.383889
2.221,-0.329009
2.222,-0.39059
2.223,-0.39876
2.224,-0.335134
2.225,-0.349721
2.226,-0.378854
2.227,-0.321086
2.228,-0.340301
2.229,-0.288143
2.23,-0.31197
2.231,-0.352193
2.232,-0.305967
2.233,-0.30228
2.234,-0.297286
2.235,-0.282423
2.236,-0.245109
2.237,-0.238882
2.238,-0.266933
2.239,-0.3203
2.24,-0.265463
2.241,-0.290332
2.242,-0.226668
2.243,-0.241405
2.244,-0.240743
2.245,-0.170472
2.246,-0.187169
2.247,-0.22512
2.248,-0.199803
2.249,-0.192781
2.25,-0.225276
2.251,-0.142823
2.252,-0.164375
2.253,-0.15208
2.254,-0.158643
2.255,-0.0676387
2.256,-0.0982731
2.257,-0.131312
2.258,-0.11209
2.259,-0.0837266
2.26,-0.0303651
2.261,-0.0465686
2.262,-0.0171329
2.263,-0.056825
2.264,0.0355901
2.265,-0.0143987
2.266,-0.0419059
2.267,-0.0172014
2.268,-0.0145706
2.269,0.0243753
2.27,-0.00841169
2.271,0.09889
2.272,0.0297891
2.273,0.0452991
2.274,0.0321571
2.275,0.057484
2.276,0.106278
2.277,0.116605
2.278,0.141329
2.279,0.109037
2.28,0.18111
2.281,0.139065
2.282,0.130147
2.283,0.145064
2.284,0.135463
2.285,0.215739
2.286,0.148958
2.287,0.195697
2.288,0.276558
2.289,0.24268
2.29,0.211761
2.291,0.189809
2.292,0.274268
2.293,0.274119
2.294,0.235093
2.295,0.223501
2.296,0.272967
2.297,0.292197
2.298,0.301541
2.299,0.26481
2.3,0.358096
2.301,0.298723
2.302,0.304373
2.303,0.303702
2.304,0.321121
2.305,0.383965
2.306,0.329194
2.307,0.313583
2.308,0.36036
2.309,0.377387
2.31,0.349654
2.311,0.384353
2.312,0.3464
2.313,0.343262
2.314,0.369012
2.315,0.366315
2.316,0.433432
2.317,0.432386
2.318,0.39747
2.319,0.303384
2.32,0.387865
2.321,0.382806
2.322,0.392686
2.323,0.402183
2.324,0.431515
2.325,0.411584
2.326,0.405284
2.327,0.401075
2.328,0.378034
2.329,0.385065
2.33,0.417393
2.331,0.40313
2.332,0.386108
2.333,0.291196
2.334,0.419691
2.335,0.410252
2.336,0.408761
2.337,0.386588
2.338,0.393535
2.339,0.422768
2.34,0.428923
2.341,0.411564
2.342,0.41282
2.343,0.399037
2.344,0.378195
2.345,0.376216
2.346,0.380548
2.347,0.344537
2.348,0.317629
2.349,0.363268
2.35,0.307521
2.351,0.364926
2.352,0.343569
2.353,0.296348
2.354,0.317568
2.355,0.29439
2.356,0.343222
2.357,0.301943
2.358,0.355484
2.359,0.270784
2.36,0.315393
2.361,0.257279
2.362,0.284726
2.363,0.325025
2.364,0.260424
2.365,0.2669
2.366,0.234589
2.367,0.259775
2.368,0.207395
2.369,0.246384
2.37,0.18205
2.371,0.174996
2.372,0.207631
2.373,0.206616
2.374,0.115081
2.375,0.14359
2.376,0.138947
2.377,0.182968
2.378,0.131807
2.379,0.133184
2.38,0.0973723
2.381,0.130258
2.382,0.0985092
2.383,0.145067
2.384,0.0787356
2.385,0.0337521
2.386,0.0544758
2.387,0.0566526
2.388,0.0991366
2.389,-0.0403594
2.39,-0.0135425
2.391,0.00940828
2.392,-0.0126645
2.393,-0.0312003
2.394,0.00887233
2.395,-0.00870531
2.396,-0.0261366
2.397,-0.036012
2.398,-0.0339364
2.399,-0.0813224
2.4,-0.0994555
2.401,-0.0741746
2.402,-0.123492
2.403,-0.178333
2.404,-0.116781
2.405,-0.114928
2.406,-0.114872
2.407,-0.167647
2.408,-0.13363
2.409,-0.191041
2.41,-0.18035
2.411,-0.214514
2.412,-0.196997
2.413,-0.227279
2.414,-0.216526
2.415,-0.202569
2.416,-0.223368
2.417,-0.25829
2.418,-0.263855
2.419,-0.225862
2.42,-0.245842
2.421,-0.269199
2.422,-0.275284
2.423,-0.348792
2.424,-0.283723
2.425,-0.298337
2.426,-0.349611
2.427,-0.302205
2.428,-0.294548
2.429,-0.337333
2.43,-0.312626
2.431,-0.338443
2.432,-0.351159
2.433,-0.351046
2.434,-0.335095
2.435,-0.35382
2.436,-0.365132
2.437,-0.373184
2.438,-0.378697
2.439,-0.333657
2.44,-0.388257
2.441,-0.390508
2.442,-0.344127
2.443,-0.344261
2.444,-0.419377
2.445,-0.394843
2.446,-0.416716
2.447,-0.349634
2.448,-0.414294
2.449,-0.403944
2.45,-0.418944
2.451,-0.38135
2.452,-0.38657
2.453,-0.407076
2.454,-0.367536
2.455,-0.41901
2.456,-0.392398
2.457,-0.45089
2.458,-0.419483
2.459,-0.374134
2.46,-0.404135
2.461,-0.362767
2.462,-0.360939
2.463,-0.361605
2.464,-0.349301
2.465,-0.344752
2.466,-0.424707
2.467,-0.336823
2.468,-0.350618
2.469,-0.384751
2.47,-0.368505
2.471,-0.341291
2.472,-0.352104
2.473,-0.369528
2.474,-0.337972
2.475,-0.332599
2.476,-0.327002
2.477,-0.349689
2.478,-0.370421
2.479,-0.288905
2.48,-0.31889
2.481,-0.289974
2.482,-0.276538
2.483,-0.283952
2.484,-0.304112
2.485,-0.292845
2.486,-0.232541
2.487,-0.262233
2.488,-0.273139
2.489,-0.238477
2.49,-0.251812
2.491,-0.26031
2.492,-0.22072
2.493,-0.190287
2.494,-0.186977
2.495,-0.161495
2.496,-0.233944
2.497,-0.160238
2.498,-0.124119
2.499,-0.187772
2.5,-0.150116
2.501,-0.158991
2.502,-0.176124
2.503,-0.15239
2.504,-0.113618
2.505,-0.114319
2.506,-0.129597
2.507,-0.113799
2.508,-0.114486
2.509,-0.0308004
2.51,-0.00698731
2.511,-0.0506473
2.512,-0.018014
2.513,-0.0703287
2.514,-0.0572128
2.515,-0.00597158
2.516,-0.00817121
2.517,-0.00758849
2.518,-0.0438759
2.519,-0.0156223
2.52,0.0926445
2.521,0.0262203
2.522,0.081445
2.523,0.101446
2.524,0.0926547
2.525,0.0960297
2.526,0.0641118
2.527,0.0857357
2.528,0.0999171
2.529,0.148518
2.53,0.134032
2.531,0.0908949
2.532,0.142645
2.533,0.175355
2.534,0.138934
2.535,0.203953
2.536,0.185902
2.537,0.23645
2.538,0.163547
2.539,0.219085
2.54,0.264022
2.541,0.29829
2.542,0.191955
2.543,0.222777
2.544,0.273655
2.545,0.271984
2.546,0.279283
2.547,0.279908
2.548,0.354882
2.549,0.267796
2.55,0.241305
2.551,0.318698
2.552,0.361447
2.553,0.347269
2.554,0.347759
2.555,0.323839
2.556,0.320378
2.557,0.32773
2.558,0.357718
2.559,0.373585
2.56,0.342361
2.561,0.352274
2.562,0.322278
2.563,0.404358
2.564,0.336467
2.565,0.403997
2.566,0.394295
2.567,0.406119
2.568,0.400928
2.569,0.421937
2.57,0.380565
2.571,0.483251
2.572,0.342362
2.573,0.40057
2.574,0.38746
2.575,0.393901
2.576,0.355113
2.577,0.428135
2.578,0.406244
2.579,0.421664
2.58,0.350776
2.581,0.422444
2.582,0.421062
2.583,0.393457
2.584,0.401335
2.585,0.38216
2.586,0.425746
2.587,0.396
2.588,0.40749
2.589,0.409774
2.59,0.341092
2.591,0.414184
2.592,0.358888
2.593,0.399993
2.594,0.41017
2.595,0.350282
2.596,0.401038
2.597,0.352069
2.598,0.310487
2.599,0.340428
2.6,0.327587
2.601,0.376484
2.602,0.37132
2.603,0.309403
2.604,0.341775
2.605,0.292352
2.606,0.318568
2.607,0.327737
2.608,0.278305
2.609,0.279727
2.61,0.276617
2.611,0.230652
2.612,0.246054
2.613,0.229148
2.614,0.268428
2.615,0.237408
2.616,0.178932
2.617,0.248035
2.618,0.212795
2.619,0.238247
2.62,0.208877
2.621,0.229281
2.622,0.170954
2.623,0.239618
2.624,0.191821
2.625,0.149849
2.626,0.167142
2.627,0.140136
2.628,0.153831
2.629,0.0669939
2.63,0.154254
2.631,0.0957939
2.632,0.0542723
2.633,0.0574044
2.634,0.101789
2.635,0.0263981
2.636,0.0881309
2.637,0.0387928
2.638,0.000159706
2.639,0.0196894
2.64,0.0568591
2.641,0.072723
2.642,0.0273158
2.643,-0.0686182
2.644,-0.0838663
2.645,-0.0253739
2.646,-0.0784295
2.647,-0.0686101
2.648,-0.0541552
2.649,-0.0469017
2.65,-0.083958
2.651,-0.127839
2.652,-0.0755386
2.653,-0.129949
2.654,-0.0959168
2.655,-0.139692
2.656,-0.124659
2.657,-0.1474
2.658,-0.213227
2.659,-0.217197
2.66,-0.15313
2.661,-0.202298
2.662,-0.205837
2.663,-0.174094
2.664,-0.170046
2.665,-0.19335
2.666,-0.257946
2.667,-0.281694
2.668,-0.269715
2.669,-0.247581
2.67,-0.260293
2.671,-0.268267
2.672,-0.300401
2.673,-0.310832
2.674,-0.281249
2.675,-0.227066
2.676,-0.329932
2.677,-0.272906
2.678,-0.351745
2.679,-0.358718
2.68,-0.278756
2.681,-0.362589
2.682,-0.358534
2.683,-0.339568
2.684,-0.346988
2.685,-0.354974
2.686,-0.36213
2.687,-0.374538
2.688,-0.3623
2.689,-0.333472
2.69,-0.383699
2.691,-0.377635
2.692,-0.386761
2.693,-0.426948
2.694,-0.380726
2.695,-0.356817
2.696,-0.352037
2.697,-0.418611
2.698,-0.430422
2.699,-0.387981
2.7,-0.388782
2.701,-0.375836
2.702,-0.409911
2.703,-0.383843
2.704,-0.450733
2.705,-0.419709
2.706,-0.363085
2.707,-0.452727
2.708,-0.390148
2.709,-0.383475
2.71,-0.357387
2.711,-0.48805
2.712,-0.362388
2.713,-0.39713
2.714,-0.417746
2.715,-0.396621
2.716,-0.401635
2.717,-0.432842
2.718,-0.368631
2.719,-0.334755
2.72,-0.404592
2.721,-0.37044
2.722,-0.366481
2.723,-0.37363
2.724,-0.347925
2.725,-0.387005
2.726,-0.346004
2.727,-0.35776
2.728,-0.300498
2.729,-0.349236
2.73,-0.349239
2.731,-0.333654
2.732,-0.338653
2.733,-0.319171
2.734,-0.25178
2.735,-0.291751
2.736,-0.33697
2.737,-0.230043
2.738,-0.253099
2.739,-0.24827
2.74,-0.255662
2.741,-0.261739
2.742,-0.247727
2.743,-0.212848
2.744,-0.205556
2.745,-0.170347
2.746,-0.207116
2.747,-0.183897
2.748,-0.173924
2.749,-0.148584
2.75,-0.179515
2.751,-0.18751
2.752,-0.175826
2.753,-0.151802
2.754,-0.133814
2.755,-0.126357
2.756,-0.115965
2.757,-0.050754
2.758,-0.0847389
2.759,-0.120576
2.76,-0.0328093
2.761,-0.0480117
2.762,-0.098232
2.763,-0.0190072
2.764,0.0380588
2.765,-0.00197278
2.766,-0.0422486
2.767,0.0786012
2.768,-0.0167519
2.769,0.0772852
2.77,0.0316473
2.771,0.0413652
2.772,0.0601117
2.773,0.0440361
2.774,0.084685
2.775,0.136077
2.776,0.204832
2.777,0.127094
2.778,0.0587849
2.779,0.11105
2.78,0.152869
2.781,0.149736
2.782,0.168325
2.783,0.176497
2.784,0.217916
2.785,0.142577
2.786,0.182983
2.787,0.218854
2.788,0.215526
2.789,0.255662
2.79,0.163856
2.791,0.255995
2.792,0.188812
2.793,0.189078
2.794,0.236281
2.795,0.271032
2.796,0.289491
2.797,0.199098
2.798,0.284298
2.799,0.318933
2.8,0.271127
2.801,0.31618
2.802,0.301679
2.803,0.303844
2.804,0.262007
2.805,0.404498
2.806,0.308491
2.807,0.347681
2.808,0.324935
2.809,0.339457
2.81,0.318099
2.811,0.380351
2.812,0.357881
2.813,0.384774
2.814,0.327639
2.815,0.377322
2.816,0.364875
2.817,0.315448
2.818,0.438579
2.819,0.402277
2.82,0.33409
2.821,0.37545
2.822,0.401677
2.823,0.375061
2.824,0.44863
2.825,0.442513
2.826,0.400983
2.827,0.37949
2.828,0.404437
2.829,0.407156
2.83,0.399763
2.831,0.401677
2.832,0.400597
2.833,0.394014
2.834,0.382395
2.835,0.37029
2.836,0.380737
2.837,0.353941
2.838,0.423347
2.839,0.401457
2.84,0.351262
2.841,0.420577
2.842,0.372118
2.843,0.339754
2.844,0.371775
2.845,0.423045
2.846,0.32783
2.847,0.338669
2.848,0.381443
2.849,0.379368
2.85,0.340712
2.851,0.353924
2.852,0.363037
2.853,0.360959
2.854,0.244645
2.855,0.279196
2.856,0.278869
2.857,0.328771
2.858,0.30699
2.859,0.342101
2.86,0.292991
2.861,0.315945
2.862,0.309638
2.863,0.303836
2.864,0.284849
2.865,0.256901
2.866,0.215002
2.867,0.208524
2.868,0.22264
2.869,0.239954
2.87,0.255263
2.871,0.137046
2.872,0.266745
2.873,0.195302
2.874,0.205488
2.875,0.219534
2.876,0.115946
2.877,0.0766535
2.878,0.129271
2.879,0.146836
2.88,0.134162
2.881,0.100436
2.882,0.0943007
2.883,0.117042
2.884,0.127841
2.885,0.0553008
2.886,0.0706162
2.887,0.065066
2.888,0.0310334
2.889,0.00292197
2.89,0.0780192
2.891,-0.0311368
2.892,0.0406116
2.893,0.0423414
2.894,0.036182
2.895,-0.054162
2.896,-0.0265607
2.897,-0.0298897
2.898,-0.0808679
2.899,-0.0651732
2.9,-0.093572
2.901,-0.112821
2.902,-0.184963
2.903,-0.0728805
2.904,-0.117253
2.905,-0.168231
2.906,-0.16825
2.907,-0.153588
2.908,-0.209288
2.909,-0.187014
2.91,-0.166799
2.911,-0.219829
2.912,-0.179468
2.913,-0.199024
2.914,-0.183315
2.915,-0.220461
2.916,-0.235517
2.917,-0.255789
2.918,-0.241233
2.919,-0.210617
2.92,-0.264282
2.921,-0.271218
2.922,-0.26478
2.923,-0.240287
2.924,-0.332801
2.925,-0.292969
2.926,-0.283233
2.927,-0.295193
2.928,-0.376049
2.929,-0.3282
2.93,-0.302048
2.931,-0.289039
2.932,-0.288276
2.933,-0.365137
2.934,-0.379455
2.935,-0.403446
2.936,-0.345397
2.937,-0.353343
2.938,-0.294965
2.939,-0.382343
2.94,-0.396983
2.941,-0.334511
2.942,-0.397542
2.943,-0.469801
2.944,-0.383954
2.945,-0.368846
2.946,-0.405388
2.947,-0.393234
2.948,-0.323801
2.949,-0.361735
2.95,-0.38461
2.951,-0.353858
2.952,-0.444345
2.953,-0.415007
2.954,-0.441098
2.955,-0.369849
2.956,-0.33354
2.957,-0.421145
2.958,-0.415552
2.959,-0.38371
2.96,-0.418782
2.961,-0.375331
2.962,-0.390277
2.963,-0.455363
2.964,-0.402201
2.965,-0.394512
2.966,-0.375359
2.967,-0.362201
2.968,-0.394894
2.969,-0.335631
2.97,-0.405608
2.971,-0.421277
2.972,-0.392782
2.973,-0.364953
2.974,-0.376274
2.975,-0.347467
2.976,-0.360105
2.977,-0.364838
2.978,-0.325906
2.979,-0.396208
2.98,-0.273875
2.981,-0.252377
2.982,-0.297013
2.983,-0.254337
2.984,-0.301948
2.985,-0.315393
2.986,-0.275361
2.987,-0.263094
2.988,-0.260857
2.989,-0.246959
2.99,-0.260709
2.991,-0.294912
2.992,-0.183032
2.993,-0.227364
2.994,-0.212289
2.995,-0.195528
2.996,-0.180287
2.997,-0.158163
2.998,-0.105219
2.999,-0.164653
3,-0.172952
3.001,-0.188292
3.002,-0.13715
3.003,-0.142709
3.004,-0.116847
3.005,-0.164891
3.006,-0.100521
3.007,-0.122682
3.008,-0.0958734
3.009,-0.067662
3.01,-0.027062
3.011,-0.0143309
3.012,-0.0541659
3.013,-0.0816031
3.014,-0.0662813
3.015,-0.000147557
3.016,-0.022127
3.017,-0.0278842
3.018,-0.0222595
3.019,0.0368908
3.02,0.0157547
3.021,0.0681207
3.022,0.0537029
3.023,0.0631772
3.024,0.0731013
3.025,0.105492
3.026,0.092673
3.027,0.133613
3.028,0.117118
3.029,0.0932484
3.03,0.124414
3.031,0.177904
3.032,0.187469
3.033,0.194586
3.034,0.195043
3.035,0.17757
3.036,0.171818
3.037,0.212263
3.038,0.216045
3.039,0.217502
3.04,0.223159
3.041,0.213066
3.042,0.220387
3.043,0.237799
3.044,0.250347
3.045,0.219748
3.046,0.260898
3.047,0.271331
3.048,0.291772
3.049,0.256446
3.05,0.328313
3.051,0.316954
3.052,0.242625
3.053,0.280739
3.054,0.362088
3.055,0.302406
3.056,0.412921
3.057,0.399091
3.058,0.353824
3.059,0.305728
3.06,0.339438
3.061,0.356646
3.062,0.377366
3.063,0.407494
3.064,0.359495
3.065,0.356403
3.066,0.371366
3.067,0.350626
3.068,0.379189
3.069,0.406269
3.07,0.403651
3.071,0.393752
3.072,0.371668
3.073,0.417994
3.074,0.406101
3.075,0.365171
3.076,0.324145
3.077,0.404348
3.078,0.45239
3.079,0.438292
3.08,0.44194
3.081,0.391927
3.082,0.429067
3.083,0.406924
3.084,0.389242
3.085,0.425547
3.086,0.422939
3.087,0.361474
3.088,0.352752
3.089,0.382229
3.09,0.396452
3.091,0.414654
3.092,0.397071
3.093,0.387212
3.094,0.363297
3.095,0.42415
3.096,0.339748
3.097,0.452787
3.098,0.34487
3.099,0.343385
3.1,0.337569
3.101,0.356784
3.102,0.282665
3.103,0.364116
3.104,0.316218
3.105,0.392327
3.106,0.334372
3.107,0.321299
3.108,0.323125
3.109,0.348232
3.11,0.298748
3.111,0.268134
3.112,0.29006
3.113,0.223915
3.114,0.287158
3.115,0.181207
3.116,0.203915
3.117,0.258183
3.118,0.241105
3.119,0.20956
3.12,0.216229
3.121,0.17346
3.122,0.196492
3.123,0.153423
3.124,0.141408
3.125,0.225232
3.126,0.137665
3.127,0.153676
3.128,0.188906
3.129,0.157013
3.13,0.0165945
3.131,0.0762535
3.132,0.156633
3.133,0.100251
3.134,0.0863784
3.135,0.119329
3.136,0.0024179
3.137,0.0278842
3.138,0.0513713
3.139,0.0379402
3.14,0.0230425
3.141,-0.00424687
3.142,0.0460319
3.143,-0.0196365
3.144,-0.0196467
3.145,-0.0143276
3.146,-0.030583
3.147,-0.0465132
3.148,-0.023626
3.149,-0.0717272
3.15,-0.0735216
3.151,-0.111086
3.152,-0.0930961
3.153,-0.105954
3.154,-0.107132
3.155,-0.161096
3.156,-0.130755
3.157,-0.10208
3.158,-0.113098
3.159,-0.139176
3.16,-0.212833
3.161,-0.18852
3.162,-0.186004
3.163,-0.244337
3.164,-0.219248
3.165,-0.193172
3.166,-0.181971
3.167,-0.231287
3.168,-0.240339
3.169,-0.21832
3.17,-0.215888
3.171,-0.281048
3.172,-0.267818
3.173,-0.278632
3.174,-0.346538
3.175,-0.335218
3.176,-0.33846
3.177,-0.293113
3.178,-0.349895
3.179,-0.304871
3.18,-0.332473
3.181,-0.34633
3.182,-0.315995
3.183,-0.327547
3.184,-0.348317
3.185,-0.372428
3.186,-0.390665
3.187,-0.267656
3.188,-0.334156
3.189,-0.390594
3.19,-0.406475
3.191,-0.383775
3.192,-0.414906
3.193,-0.364202
3.194,-0.416689
3.195,-0.374436
3.196,-0.383904
3.197,-0.403691
3.198,-0.395743
3.199,-0.399981
3.2,-0.416593
3.201,-0.394559
3.202,-0.404878
3.203,-0.397172
3.204,-0.357632
3.205,-0.423975
3.206,-0.369225
3.207,-0.394392
3.208,-0.369608
3.209,-0.437999
3.21,-0.358019
3.211,-0.334669
3.212,-0.442953
3.213,-0.379682
3.214,-0.345287
3.215,-0.319619
3.216,-0.350591
3.217,-0.406893
3.218,-0.327857
3.219,-0.317504
3.22,-0.383118
3.221,-0.396983
3.222,-0.333601
3.223,-0.395527
3.224,-0.371417
3.225,-0.351899
3.226,-0.382274
3.227,-0.407988
3.228,-0.349564
3.229,-0.316746
3.23,-0.329054
3.231,-0.36447
3.232,-0.348574
3.233,-0.355413
3.234,-0.257454
3.235,-0.308574
3.236,-0.269809
3.237,-0.276715
3.238,-0.212084
3.239,-0.258077
3.24,-0.262241
3.241,-0.264423
3.242,-0.21807
3.243,-0.184017
3.244,-0.251889
3.245,-0.19966
3.246,-0.189324
3.247,-0.196882
3.248,-0.158486
3.249,-0.172881
3.25,-0.14429
3.251,-0.142359
3.252,-0.0938269
3.253,-0.14974
3.254,-0.156995
3.255,-0.116925
3.256,-0.108724
3.257,-0.10812
3.258,-0.0329569
3.259,-0.055219
3.26,-0.0683021
3.261,-0.103775
3.262,-0.0587964
3.263,-0.0477462
3.264,-0.031427
3.265,-0.0199604
3.266,0.058656
3.267,-0.0404786
3.268,-0.0174725
3.269,-0.0120786
3.27,0.0560272
3.271,0.0355263
3.272,0.0425285
3.273,0.0629815
3.274,0.112859
3.275,0.0646987
3.276,0.0764517
3.277,0.110474
3.278,0.107679
3.279,0.162072
3.28,0.125214
3.281,0.171088
3.282,0.15978
3.283,0.256941
3.284,0.202321
3.285,0.119606
3.286,0.171283
3.287,0.166341
3.288,0.201873
3.289,0.219426
3.29,0.251198
3.291,0.253227
3.292,0.2622
3.293,0.244886
3.294,0.303423
3.295,0.274855
3.296,0.252296
3.297,0.275003
3.298,0.236264
3.299,0.290487
3.3,0.302265
3.301,0.324514
3.302,0.27647
3.303,0.346792
3.304,0.282634
3.305,0.376251
3.306,0.336479
3.307,0.353922
3.308,0.315942
3.309,0.371106
3.31,0.37582
3.311,0.374112
3.312,0.353599
3.313,0.394906
3.314,0.376326
3.315,0.380781
3.316,0.430474
3.317,0.329414
3.318,0.401051
3.319,0.450897
3.32,0.416607
3.321,0.31677
3.322,0.425458
3.323,0.443634
3.324,0.353802
3.325,0.357371
3.326,0.433965
3.327,0.412041
3.328,0.358874
3.329,0.340269
3.33,0.400411
3.331,0.378514
3.332,0.42686
3.333,0.431142
3.334,0.379686
3.335,0.445582
3.336,0.388438
3.337,0.432365
3.338,0.402502
3.339,0.405242
3.34,0.308559
3.341,0.419858
3.342,0.407941
3.343,0.42129
3.344,0.328515
3.345,0.366274
3.346,0.389342
3.347,0.381129
3.348,0.330558
3.349,0.389117
3.35,0.349718
3.351,0.354012
3.352,0.350323
3.353,0.356805
3.354,0.363966
3.355,0.330111
3.356,0.337539
3.357,0.35214
3.358,0.258948
3.359,0.216044
3.36,0.27475
3.361,0.291878
3.362,0.293562
3.363,0.242591
3.364,0.242196
3.365,0.269407
3.366,0.243077
3.367,0.227075
3.368,0.23932
3.369,0.233337
3.37,0.251497
3.371,0.199121
3.372,0.232825
3.373,0.176114
3.374,0.154023
3.375,0.1711
3.376,0.168212
3.377,0.159875
3.378,0.162595
3.379,0.0564024
3.38,0.0713786
3.381,0.163048
3.382,0.169738
3.383,0.0793114
3.384,0.147965
3.385,0.0771499
3.386,0.0680704
3.387,0.049114
3.388,0.00988763
3.389,0.0282748
3.39,-0.0108092
3.391,0.00640317
3.392,0.00458754
3.393,-0.00269976
3.394,-0.0463553
3.395,-0.0157101
3.396,-0.0511168
3.397,-0.0641308
3.398,-0.0634758
3.399,-0.03819
3.4,-0.100027
3.401,-0.0974505
3.402,-0.101432
3.403,-0.156587
3.404,-0.108992
3.405,-0.112323
3.406,-0.184517
3.407,-0.117555
3.408,-0.192766
3.409,-0.173301
3.41,-0.169147
3.411,-0.194332
3.412,-0.211343
3.413,-0.189561
3.414,-0.220256
3.415,-0.268179
3.416,-0.199184
3.417,-0.193841
3.418,-0.220751
3.419,-0.200752
3.42,-0.257376
3.421,-0.236772
3.422,-0.246433
3.423,-0.276936
3.424,-0.254333
3.425,-0.289087
3.426,-0.332504
3.427,-0.323802
3.428,-0.285694
3.429,-0.334372
3.43,-0.329281
3.431,-0.347029
3.432,-0.35989
3.433,-0.334777
3.434,-0.329406
3.435,-0.365907
3.436,-0.358043
3.437,-0.379541
3.438,-0.32819
3.439,-0.398411
3.44,-0.298567
3.441,-0.352108
3.442,-0.463242
3.443,-0.363812
3.444,-0.383914
3.445,-0.366163
3.446,-0.424988
3.447,-0.401319
3.448,-0.412392
3.449,-0.385034
3.45,-0.405301
3.451,-0.408315
3.452,-0.468144
3.453,-0.348447
3.454,-0.411493
3.455,-0.391048
3.456,-0.403285
3.457,-0.410917
3.458,-0.391788
3.459,-0.393746
3.46,-0.380493
3.461,-0.444085
3.462,-0.319799
3.463,-0.380455
3.464,-0.408468
3.465,-0.357072
3.466,-0.372183
3.467,-0.38682
3.468,-0.338361
3.469,-0.416752
3.47,-0.312737
3.471,-0.385563
3.472,-0.339549
3.473,-0.344228
3.474,-0.320246
3.475,-0.376852
3.476,-0.394079
3.477,-0.355779
3.478,-0.339929
3.479,-0.380336
3.48,-0.285351
3.481,-0.312933
3.482,-0.323351
3.483,-0.264123
3.484,-0.26172
3.485,-0.259074
3.486,-0.301196
3.487,-0.320484
3.488,-0.231079
3.489,-0.286764
3.49,-0.301362
3.491,-0.266002
3.492,-0.244199
3.493,-0.235054
3.494,-0.187644
3.495,-0.259702
3.496,-0.268
3.497,-0.218458
3.498,-0.143896
3.499,-0.144013
3.5,-0.182813
3.501,-0.165073
3.502,-0.15936
3.503,-0.108881
3.504,-0.13956
3.505,-0.113327
3.506,-0.159593
3.507,-0.118317
3.508,-0.104175
3.509,-0.119922
3.51,-0.0755099
3.511,0.00852133
3.512,-0.0243748
3.513,-0.0509977
3.514,-0.038279
3.515,-0.057515
3.516,-0.0230127
3.517,0.00559286
3.518,0.025932
3.519,0.0525455
3.52,0.0651495
3.521,-0.0344224
3.522,0.0521871
3.523,0.0990547
3.524,0.115908
3.525,0.0148303
3.526,0.1102
3.527,0.0894628
3.528,0.0749211
3.529,0.118372
3.53,0.189522
3.531,0.161968
3.532,0.180321
3.533,0.182925
3.534,0.166795
3.535,0.22878
3.536,0.21608
3.537,0.219251
3.538,0.20298
3.539,0.263968
3.54,0.219921
3.541,0.210297
3.542,0.197299
3.543,0.283218
3.544,0.2946
3.545,0.263037
3.546,0.286729
3.547,0.26269
3.548,0.26802
3.549,0.265334
3.55,0.24651
3.551,0.229711
3.552,0.278749
3.553,0.302066
3.554,0.353829
3.555,0.316178
3.556,0.318034
3.557,0.42862
3.558,0.3375
3.559,0.407456
3.56,0.348158
3.561,0.318048
3.562,0.29957
3.563,0.381196
3.564,0.386561
3.565,0.334336
3.566,0.35575
3.567,0.392289
3.568,0.345648
3.569,0.418132
3.57,0.402719
3.571,0.429937
3.572,0.403116
3.573,0.382936
3.574,0.40264
3.575,0.396946
3.576,0.392956
3.577,0.390492
3.578,0.394678
3.579,0.41719
3.58,0.401582
3.581,0.396839
3.582,0.38621
3.583,0.399904
3.584,0.425172
3.585,0.41851
3.586,0.38148
3.587,0.378791
3.588,0.357287
3.589,0.353391
3.59,0.41136
3.591,0.351187
3.592,0.390208
3.593,0.444524
3.594,0.376024
3.595,0.367404
3.596,0.374875
3.597,0.372583
3.598,0.353286
3.599,0.334545
3.6,0.334846
3.601,0.362753
3.602,0.364784
3.603,0.357664
3.604,0.266716
3.605,0.329782
3.606,0.378901
3.607,0.274601
3.608,0.273205
3.609,0.30348
3.61,0.278444
3.611,0.274099
3.612,0.283412
3.613,0.259826
3.614,0.290617
3.615,0.244669
3.616,0.260082
3.617,0.265816
3.618,0.190108
3.619,0.230556
3.62,0.187586
3.621,0.197616
3.622,0.258302
3.623,0.203801
3.624,0.174583
3.625,0.169594
3.626,0.162373
3.627,0.177537
3.628,0.104455
3.629,0.146221
3.63,0.10033
3.631,0.0789081
3.632,0.107317
3.633,0.0679715
3.634,0.133151
3.635,0.0927899
3.636,0.0888913
3.637,0.0154414
3.638,0.113729
3.639,0.0299528
3.64,-0.00855625
3.641,0.0237699
3.642,0.025996
3.643,-0.018949
3.644,-0.0108758
3.645,0.00689819
3.646,-0.0477098
3.647,-0.0434043
3.648,-0.03114
3.649,-0.0622571
3.65,-0.114811
3.651,-0.102032
3.652,-0.0908224
3.653,-0.100471
3.654,-0.126539
3.655,-0.11659
3.656,-0.140599
3.657,-0.126881
3.658,-0.184511
3.659,-0.1598
3.66,-0.157598
3.661,-0.191764
3.662,-0.207997
3.663,-0.213022
3.664,-0.244741
3.665,-0.176457
3.666,-0.210364
3.667,-0.202703
3.668,-0.296374
3.669,-0.244316
3.67,-0.233445
3.671,-0.259819
3.672,-0.299225
3.673,-0.297402
3.674,-0.287496
3.675,-0.251412
3.676,-0.273865
3.677,-0.323562
3.678,-0.329946
3.679,-0.246685
3.68,-0.346078
3.681,-0.318016
3.682,-0.328858
3.683,-0.333443
3.684,-0.34388
3.685,-0.349217
3.686,-0.336165
3.687,-0.331743
3.688,-0.368735
3.689,-0.439746
3.69,-0.419213
3.691,-0.385029
3.692,-0.39895
3.693,-0.376562
3.694,-0.399921
3.695,-0.36302
3.696,-0.415602
3.697,-0.401714
3.698,-0.391853
3.699,-0.435336
3.7,-0.379367
3.701,-0.392876
3.702,-0.328814
3.703,-0.430733
3.704,-0.425034
3.705,-0.379044
3.706,-0.392016
3.707,-0.361301
3.708,-0.400229
3.709,-0.341821
3.71,-0.374575
3.711,-0.429554
3.712,-0.398785
3.713,-0.365455
3.714,-0.350038
3.715,-0.408535
3.716,-0.3933
3.717,-0.336108
3.718,-0.335957
3.719,-0.388031
3.72,-0.40309
3.721,-0.356129
3.722,-0.325258
3.723,-0.348212
3.724,-0.35806
3.725,-0.375801
3.726,-0.327954
3.727,-0.291786
3.728,-0.353939
3.729,-0.383996
3.73,-0.270445
3.731,-0.330029
3.732,-0.296552
3.733,-0.301487
3.734,-0.210755
3.735,-0.281998
3.736,-0.268867
3.737,-0.23205
3.738,-0.29309
3.739,-0.239704
3.74,-0.246931
3.741,-0.227061
3.742,-0.234074
3.743,-0.226163
3.744,-0.220982
3.745,-0.246813
3.746,-0.216866
3.747,-0.173461
3.748,-0.167594
3.749,-0.206024
3.75,-0.0832264
3.751,-0.151589
3.752,-0.176383
3.753,-0.10299
3.754,-0.0703826
3.755,-0.140993
3.756,-0.0934503
3.757,-0.0301284
3.758,-0.105228
3.759,-0.0675138
3.76,-0.128885
3.761,-0.062589
3.762,-0.0389983
3.763,-0.0656063
3.764,-0.0125888
3.765,0.0196235
3.766,0.0152368
3.767,-0.0285584
3.768,0.0137299
3.769,-0.0279408
3.77,0.0528048
3.771,0.0409143
3.772,0.0458379
3.773,0.0164305
3.774,-0.00558725
3.775,0.0463642
3.776,0.127687
3.777,0.103792
3.778,0.0914288
3.779,0.0590236
3.78,0.15962
3.781,0.187497
3.782,0.0928838
3.783,0.185186
3.784,0.198018
3.785,0.141075
3.786,0.147425
3.787,0.193865
3.788,0.237996
3.789,0.244071
3.79,0.216411
3.791,0.15758
3.792,0.262324
3.793,0.23208
3.794,0.236957
3.795,0.254028
3.796,0.293534
3.797,0.249375
3.798,0.246428
3.799,0.267403
3.8,0.297267
3.801,0.28734
3.802,0.393813
3.803,0.318831
3.804,0.309815
3.805,0.25779
3.806,0.301985
3.807,0.296685
3.808,0.29457
3.809,0.306059
3.81,0.351258
3.811,0.336343
3.812,0.356988
3.813,0.376593
3.814,0.411697
3.815,0.365946
3.816,0.38269
3.817,0.418035
3.818,0.350634
3.819,0.399885
3.82,0.364253
3.821,0.376781
3.822,0.358126
3.823,0.380544
3.824,0.427956
3.825,0.429793
3.826,0.410352
3.827,0.337535
3.828,0.429785
3.829,0.401502
3.83,0.42695
3.831,0.424707
3.832,0.394124
3.833,0.402992
3.834,0.396251
3.835,0.382673
3.836,0.448811
3.837,0.35502
3.838,0.36001
3.839,0.412097
3.84,0.352829
3.841,0.400731
3.842,0.339999
3.843,0.361347
3.844,0.314958
3.845,0.33708
3.846,0.402789
3.847,0.362363
3.848,0.341015
3.849,0.382116
3.85,0.324302
3.851,0.30705
3.852,0.350212
3.853,0.290481
3.854,0.337038
3.855,0.320707
3.856,0.303234
3.857,0.370917
3.858,0.368216
3.859,0.320061
3.86,0.278069
3.861,0.232147
3.862,0.278305
3.863,0.291168
3.864,0.308867
3.865,0.32409
3.866,0.209596
3.867,0.289864
3.868,0.22436
3.869,0.166353
3.87,0.13317
3.871,0.230503
3.872,0.229511
3.873,0.18362
3.874,0.17397
3.875,0.186392
3.876,0.204942
3.877,0.22704
3.878,0.167479
3.879,0.0303902
3.88,0.118388
3.881,0.116146
3.882,0.0913795
3.883,0.149312
3.884,0.0740768
3.885,0.0563214
3.886,0.0812119
3.887,0.0127459
3.888,0.0661991
3.889,0.0372307
3.89,-0.0393011
3.891,-0.00390978
3.892,-0.0669585
3.893,0.0252101
3.894,-0.0451925
3.895,-0.041137
3.896,-0.0596439
3.897,-0.0548242
3.898,-0.0547662
3.899,-0.0637075
3.9,-0.0543807
3.901,-0.0887289
3.902,-0.137383
3.903,-0.0900965
3.904,-0.128802
3.905,-0.157355
3.906,-0.25045
3.907,-0.114664
3.908,-0.131198
3.909,-0.144675
3.91,-0.173158
3.911,-0.0843704
3.912,-0.197237
3.913,-0.20302
3.914,-0.189315
3.915,-0.256178
3.916,-0.248075
3.917,-0.225361
3.918,-0.250135
3.919,-0.220573
3.92,-0.214955
3.921,-0.220391
3.922,-0.308559
3.923,-0.276366
3.924,-0.32056
3.925,-0.283697
3.926,-0.247029
3.927,-0.292637
3.928,-0.306138
3.929,-0.326198
3.93,-0.284969
3.931,-0.346532
3.932,-0.379866
3.933,-0.367841
3.934,-0.327522
3.935,-0.357698
3.936,-0.348416
3.937,-0.392226
3.938,-0.35318
3.939,-0.411054
3.94,-0.407427
3.941,-0.316143
3.942,-0.425034
3.943,-0.384587
3.944,-0.431534
3.945,-0.424201
3.946,-0.366909
3.947,-0.396079
3.948,-0.393865
3.949,-0.373444
3.95,-0.384037
3.951,-0.358317
3.952,-0.347465
3.953,-0.386541
3.954,-0.437478
3.955,-0.433435
3.956,-0.340964
3.957,-0.458777
3.958,-0.37785
3.959,-0.438456
3.96,-0.363561
3.961,-0.377395
3.962,-0.344851
3.963,-0.423998
3.964,-0.402876
3.965,-0.413324
3.966,-0.347879
3.967,-0.417111
3.968,-0.392335
3.969,-0.374037
3.97,-0.451018
3.971,-0.345
3.972,-0.298494
3.973,-0.384177
3.974,-0.323884
3.975,-0.337294
3.976,-0.390176
3.977,-0.405736
3.978,-0.301002
3.979,-0.333638
3.98,-0.259158
3.981,-0.273213
3.982,-0.295223
3.983,-0.249964
3.984,-0.297601
3.985,-0.332199
3.986,-0.274057
3.987,-0.309877
3.988,-0.258281
3.989,-0.288797
3.99,-0.236454
3.991,-0.183035
3.992,-0.257861
3.993,-0.213117
3.994,-0.159922
3.995,-0.30062
3.996,-0.262534
3.997,-0.238306
3.998,-0.203337
3.999,-0.190331
4,-0.204219
4.001,-0.159576
4.002,-0.143162
4.003,-0.131861
4.004,-0.16101
4.005,-0.1032
4.006,-0.118775
4.007,-0.126919
4.008,-0.0407429
4.009,-0.0946289
4.01,-0.114864
4.011,-0.0767726
4.012,-0.0411608
4.013,-0.00119307
4.014,-0.023949
4.015,-0.057339
4.016,0.0177095
4.017,0.0340168
4.018,-0.00345621
4.019,0.0567801
4.02,0.0253505
4.021,0.104874
4.022,0.0126153
4.023,0.082038
4.024,0.11421
4.025,0.0361231
4.026,0.0733901
4.027,0.14494
4.028,0.127342
4.029,0.0706746
4.03,0.167063
4.031,0.158769
4.032,0.136381
4.033,0.111765
4.034,0.205981
4.035,0.19772
4.036,0.236865
4.037,0.18545
4.038,0.247482
4.039,0.198802
4.04,0.210714
4.041,0.252601
4.042,0.227913
4.043,0.207491
4.044,0.214046
4.045,0.176306
4.046,0.222498
4.047,0.254485
4.048,0.229549
4.049,0.297738
4.05,0.29104
4.051,0.292175
4.052,0.26815
4.053,0.273734
4.054,0.286645
4.055,0.332254
4.056,0.314682
4.057,0.324739
4.058,0.286009
4.059,0.330079
4.06,0.322179
4.061,0.397707
4.062,0.339326
4.063,0.415454
4.064,0.363632
4.065,0.407685
4.066,0.382474
4.067,0.384706
4.068,0.340411
4.069,0.410003
4.07,0.360369
4.071,0.362188
4.072,0.344879
4.073,0.414438
4.074,0.364575
4.075,0.375239
4.076,0.363583
4.077,0.434312
4.078,0.395698
4.079,0.382219
4.08,0.404592
4.081,0.431304
4.082,0.353463
4.083,0.417037
4.084,0.362671
4.085,0.403271
4.086,0.438346
4.087,0.33112
4.088,0.373345
4.089,0.372614
4.09,0.418144
4.091,0.353912
4.092,0.415479
4.093,0.390358
4.094,0.37776
4.095,0.393431
4.096,0.319033
4.097,0.34847
4.098,0.393261
4.099,0.335433
4.1,0.359453
4.101,0.409732
4.102,0.324673
4.103,0.343597
4.104,0.299359
4.105,0.332547
4.106,0.36041
4.107,0.342643
4.108,0.290849
4.109,0.243093
4.11,0.291141
4.111,0.292398
4.112,0.266754
4.113,0.23537
4.114,0.231183
4.115,0.245267
4.116,0.257907
4.117,0.242089
4.118,0.231898
4.119,0.195376
4.12,0.18917
4.121,0.148124
4.122,0.20577
4.123,0.166435
4.124,0.14053
4.125,0.180833
4.126,0.129203
4.127,0.115749
4.128,0.173653
4.129,0.097237
4.13,0.0575036
4.131,0.136438
4.132,0.0579385
4.133,0.124998
4.134,0.113706
4.135,0.0996983
4.136,0.076899
4.137,0.0807365
4.138,0.0226363
4.139,0.0172558
4.14,-0.0139384
4.141,-0.0206195
4.142,-0.0310841
4.143,0.0216774
4.144,-0.0212374
4.145,-0.00201015
4.146,-0.01782
4.147,-0.00137304
4.148,-0.00706639
4.149,-0.0293275
4.15,-0.0374258
4.151,-0.105883
4.152,-0.138345
4.153,-0.0998904
4.154,-0.14903
4.155,-0.082353
4.156,-0.0842731
4.157,-0.197575
4.158,-0.107324
4.159,-0.199668
4.16,-0.241688
4.161,-0.228163
4.162,-0.155018
4.163,-0.213103
4.164,-0.203665
4.165,-0.23449
4.166,-0.220638
4.167,-0.233232
4.168,-0.294362
4.169,-0.2434
4.17,-0.267696
4.171,-0.252938
4.172,-0.27598
4.173,-0.253053
4.174,-0.264109
4.175,-0.258246
4.176,-0.275087
4.177,-0.289079
4.178,-0.30973
4.179,-0.337926
4.18,-0.282758
4.181,-0.372704
4.182,-0.342601
4.183,-0.332005
4.184,-0.316557
4.185,-0.326643
4.186,-0.295084
4.187,-0.366308
4.188,-0.326663
4.189,-0.37001
4.19,-0.349912
4.191,-0.365885
4.192,-0.41381
4.193,-0.377069
4.194,-0.436145
4.195,-0.394222
4.196,-0.397386
4.197,-0.439713
4.198,-0.39659
4.199,-0.367445
4.2,-0.430447
4.201,-0.382255
4.202,-0.419661
4.203,-0.426413
4.204,-0.383509
4.205,-0.34321
4.206,-0.382456
4.207,-0.480311
4.208,-0.414107
4.209,-0.436648
4.21,-0.327881
4.211,-0.3966
4.212,-0.372021
4.213,-0.434482
4.214,-0.383905
4.215,-0.396864
4.216,-0.407576
4.217,-0.34679
4.218,-0.355689
4.219,-0.396952
4.22,-0.405563
4.221,-0.32824
4.222,-0.334279
4.223,-0.384609
4.224,-0.374369
4.225,-0.330313
4.226,-0.333823
4.227,-0.3485
4.228,-0.305639
4.229,-0.289444
4.23,-0.351188
4.231,-0.328083
4.232,-0.334492
4.233,-0.337823
4.234,-0.324257
4.235,-0.231887
4.236,-0.282361
4.237,-0.291868
4.238,-0.234143
4.239,-0.234061
4.24,-0.255621
4.241,-0.252514
4.242,-0.205443
4.243,-0.193995
4.244,-0.21558
4.245,-0.179261
4.246,-0.239022
4.247,-0.180943
4.248,-0.265208
4.249,-0.147426
4.25,-0.210843
4.251,-0.14605
4.252,-0.0784032
4.253,-0.163834
4.254,-0.153424
4.255,-0.109567
4.256,-0.102204
4.257,-0.0635107
4.258,-0.106839
4.259,-0.0725212
4.26,-0.0761543
4.261,0.00775468
4.262,-0.0985631
4.263,-0.0458988
4.264,-0.0084467
4.265,-0.0321319
4.266,-0.0685989
4.267,-0.0841887
4.268,-0.00185874
4.269,0.06296
4.27,0.0170883
4.271,0.0825777
4.272,0.0038331
4.273,0.117633
4.274,0.107129
4.275,0.0934352
4.276,0.0681757
4.277,0.0520867
4.278,0.103259
4.279,0.129154
4.28,0.0900295
4.281,0.127563
4.282,0.169026
4.283,0.153739
4.284,0.178858
4.285,0.19997
4.286,0.242967
4.287,0.18534
4.288,0.193428
4.289,0.224887
4.29,0.168523
4.291,0.170976
4.292,0.211043
4.293,0.252421
4.294,0.241982
4.295,0.233072
4.296,0.249743
4.297,0.318786
4.298,0.272065
4.299,0.369099
4.3,0.300031
4.301,0.289104
4.302,0.302765
4.303,0.37967
4.304,0.297398
4.305,0.274207
4.306,0.38318
4.307,0.309375
4.308,0.338159
4.309,0.402784
4.31,0.353098
4.311,0.388536
4.312,0.36301
4.313,0.397892
4.314,0.377328
4.315,0.385414
4.316,0.396466
4.317,0.409341
4.318,0.374256
4.319,0.439022
4.32,0.368207
4.321,0.427024
4.322,0.371013
4.323,0.360021
4.324,0.437529
4.325,0.33454
4.326,0.361883
4.327,0.400464
4.328,0.40056
4.329,0.430175
4.33,0.399686
4.331,0.33248
4.332,0.385488
4.333,0.377119
4.334,0.359836
4.335,0.420944
4.336,0.408641
4.337,0.357726
4.338,0.367841
4.339,0.401351
4.34,0.339453
4.341,0.427696
4.342,0.354457
4.343,0.369381
4.344,0.347283
4.345,0.378443
4.346,0.397124
4.347,0.318238
4.348,0.36122
4.349,0.365077
4.35,0.330968
4.351,0.396304
4.352,0.384887
4.353,0.370583
4.354,0.317061
4.355,0.299757
4.356,0.297286
4.357,0.325871
4.358,0.350861
4.359,0.293918
4.36,0.248121
4.361,0.293344
4.362,0.295237
4.363,0.266914
4.364,0.24468
4.365,0.189855
4.366,0.229342
4.367,0.256607
4.368,0.302653
4.369,0.179449
4.37,0.249983
4.371,0.189995
4.372,0.143236
4.373,0.152547
4.374,0.206656
4.375,0.152089
4.376,0.159779
4.377,0.256205
4.378,0.131686
4.379,0.213326
4.38,0.133757
4.381,0.101174
4.382,0.0684531
4.383,0.0848486
4.384,0.0984588
4.385,0.0583188
4.386,0.0847106
4.387,0.0957841
4.388,0.0286224
4.389,0.0507056
4.39,0.03633
4.391,-0.0123813
4.392,0.0233389
4.393,0.0476764
4.394,-0.0230019
4.395,-0.023946
4.396,-0.0677138
4.397,-0.0424221
4.398,-0.0783243
4.399,-0.0405286
4.4,-0.0274629
4.401,-0.118144
4.402,-0.0957215
4.403,-0.0796689
4.404,-0.153164
4.405,-0.123885
4.406,-0.153903
4.407,-0.15006
4.408,-0.178083
4.409,-0.172351
4.41,-0.143292
4.411,-0.194704
4.412,-0.152859
4.413,-0.184385
4.414,-0.225362
4.415,-0.198029
4.416,-0.187575
4.417,-0.241557
4.418,-0.194226
4.419,-0.191257
4.42,-0.224148
4.421,-0.272087
4.422,-0.264578
4.423,-0.318341
4.424,-0.295694
4.425,-0.279226
4.426,-0.253715
4.427,-0.301588
4.428,-0.33069
4.429,-0.291494
4.43,-0.323128
4.431,-0.39701
4.432,-0.386011
4.433,-0.306951
4.434,-0.357866
4.435,-0.353517
4.436,-0.323284
4.437,-0.42583
4.438,-0.37253
4.439,-0.398328
4.44,-0.344928
4.441,-0.371779
4.442,-0.359554
4.443,-0.396323
4.444,-0.396013
4.445,-0.386459
4.446,-0.457296
4.447,-0.348261
4.448,-0.449033
4.449,-0.451128
4.45,-0.468939
4.451,-0.354366
4.452,-0.396153
4.453,-0.361042
4.454,-0.398398
4.455,-0.364812
4.456,-0.339859
4.457,-0.427605
4.458,-0.345177
4.459,-0.381848
4.46,-0.406289
4.461,-0.420154
4.462,-0.354883
4.463,-0.390533
4.464,-0.373471
4.465,-0.403972
4.466,-0.34936
4.467,-0.353394
4.468,-0.378001
4.469,-0.379743
4.47,-0.389904
4.471,-0.313853
4.472,-0.292442
4.473,-0.370239
4.474,-0.356434
4.475,-0.393076
4.476,-0.358258
4.477,-0.370956
4.478,-0.359744
4.479,-0.249278
4.48,-0.276491
4.481,-0.353541
4.482,-0.271308
4.483,-0.2548
4.484,-0.270619
4.485,-0.271332
4.486,-0.292402
4.487,-0.274135
4.488,-0.297403
4.489,-0.224684
4.49,-0.29521
4.491,-0.20768
4.492,-0.208699
4.493,-0.186662
4.494,-0.220026
4.495,-0.165134
4.496,-0.209622
4.497,-0.184237
4.498,-0.144673
4.499,-0.257251
4.5,-0.161528
4.501,-0.178918
4.502,-0.20811
4.503,-0.17621
4.504,-0.0922201
4.505,-0.200662
4.506,-0.0564223
4.507,-0.11039
4.508,-0.100639
4.509,-0.150308
4.51,-0.0619769
4.511,-0.0697517
4.512,-0.0226572
4.513,-0.0261941
4.514,-0.0200931
4.515,-0.0238267
4.516,0.00418808
4.517,0.00646966
4.518,0.0385957
4.519,0.0288868
4.52,0.0416907
4.521,0.0230319
4.522,0.0459982
4.523,0.0983366
4.524,0.00633433
4.525,0.0988766
4.526,0.0412632
4.527,0.080315
4.528,0.15232
4.529,0.0721258
4.53,0.102579
4.531,0.16796
4.532,0.0964895
4.533,0.128456
4.534,0.204457
4.535,0.210346
4.536,0.195736
4.537,0.171862
4.538,0.184611
4.539,0.184161
4.54,0.189765
4.541,0.287546
4.542,0.223698
4.543,0.282915
4.544,0.17567
4.545,0.296625
4.546,0.249089
4.547,0.28699
4.548,0.280491
4.549,0.331466
4.55,0.298384
4.551,0.251463
4.552,0.357295
4.553,0.334237
4.554,0.270075
4.555,0.361374
4.556,0.306828
4.557,0.323038
4.558,0.293693
4.559,0.31616
4.56,0.392456
4.561,0.391722
4.562,0.40529
4.563,0.346117
4.564,0.327922
4.565,0.437673
4.566,0.408488
4.567,0.342455
4.568,0.442119
4.569,0.394533
4.57,0.39632
4.571,0.423639
4.572,0.34667
4.573,0.358764
4.574,0.390268
4.575,0.358653
4.576,0.368783
4.577,0.413211
4.578,0.410149
4.579,0.380625
4.58,0.393662
4.581,0.392989
4.582,0.387427
4.583,0.408514
4.584,0.411763
4.585,0.392102
4.586,0.403229
4.587,0.374937
4.588,0.355696
4.589,0.379331
4.59,0.449783
4.591,0.428817
4.592,0.429723
4.593,0.404464
4.594,0.378737
4.595,0.337639
4.596,0.370517
4.597,0.33277
4.598,0.31066
4.599,0.322442
4.6,0.352273
4.601,0.353452
4.602,0.316694
4.603,0.341317
4.604,0.310491
4.605,0.328709
4.606,0.320472
4.607,0.297587
4.608,0.282763
4.609,0.263111
4.61,0.304637
4.611,0.288272
4.612,0.233943
4.613,0.30226
4.614,0.319002
4.615,0.196413
4.616,0.242787
4.617,0.192422
4.618,0.219146
4.619,0.210573
4.62,0.224865
4.621,0.19794
4.622,0.138871
4.623,0.127864
4.624,0.197912
4.625,0.175547
4.626,0.135086
4.627,0.0808108
4.628,0.134654
4.629,0.125423
4.63,0.0982578
4.631,0.0714897
4.632,0.0288771
4.633,0.0850928
4.634,0.0585913
4.635,0.0819838
4.636,0.0890982
4.637,0.084804
4.638,0.049252
4.639,0.0324795
4.64,0.0160026
4.641,-0.0209293
4.642,-0.0190228
4.643,0.00522286
4.644,-0.0377305
4.645,-0.0243913
4.646,-0.0323025
4.647,-0.0511717
4.648,-0.0779988
4.649,-0.0602052
4.65,-0.0938173
4.651,-0.0413958
4.652,-0.157871
4.653,-0.108993
4.654,-0.13418
4.655,-0.161327
4.656,-0.137748
4.657,-0.167405
4.658,-0.186683
4.659,-0.153588
4.66,-0.106133
4.661,-0.13683
4.662,-0.18715
4.663,-0.161919
4.664,-0.219534
4.665,-0.240196
4.666,-0.212056
4.667,-0.240988
4.668,-0.239743
4.669,-0.26133
4.67,-0.290905
4.671,-0.271579
4.672,-0.287424
4.673,-0.317617
4.674,-0.242528
4.675,-0.198115
4.676,-0.317197
4.677,-0.283197
4.678,-0.347256
4.679,-0.350843
4.68,-0.34002
4.681,-0.328684
4.682,-0.310396
4.683,-0.357085
4.684,-0.421251
4.685,-0.33716
4.686,-0.408733
4.687,-0.354742
4.688,-0.398224
4.689,-0.390406
4.69,-0.360801
4.691,-0.355716
4.692,-0.373632
4.693,-0.289263
4.694,-0.390127
4.695,-0.374412
4.696,-0.404613
4.697,-0.376523
4.698,-0.356149
4.699,-0.389937
4.7,-0.433605
4.701,-0.379479
4.702,-0.395076
4.703,-0.381029
4.704,-0.382446
4.705,-0.378149
4.706,-0.427914
4.707,-0.438005
4.708,-0.383979
4.709,-0.38151
4.71,-0.382232
4.711,-0.438826
4.712,-0.402751
4.713,-0.40963
4.714,-0.416556
4.715,-0.402751
4.716,-0.362327
4.717,-0.42144
4.718,-0.373753
4.719,-0.419074
4.72,-0.381845
4.721,-0.342241
4.722,-0.422066
4.723,-0.37266
4.724,-0.380143
4.725,-0.303461
4.726,-0.322379
4.727,-0.331283
4.728,-0.414993
4.729,-0.34569
4.73,-0.276405
4.731,-0.336746
4.732,-0.362162
4.733,-0.295798
4.734,-0.305703
4.735,-0.307414
4.736,-0.324787
4.737,-0.268441
4.738,-0.236946
4.739,-0.251575
4.74,-0.248916
4.741,-0.280426
4.742,-0.221459
4.743,-0.25489
4.744,-0.277621
4.745,-0.195663
4.746,-0.220988
4.747,-0.247986
4.748,-0.195385
4.749,-0.227483
4.75,-0.122578
4.751,-0.16004
4.752,-0.212235
4.753,-0.154906
4.754,-0.131193
4.755,-0.115213
4.756,-0.143693
4.757,-0.157472
4.758,-0.112274
4.759,-0.0175673
4.76,-0.127414
4.761,-0.0711221
4.762,-0.0216377
4.763,-0.0851318
4.764,-0.014792
4.765,0.01083
4.766,0.00149294
4.767,-0.0219371
4.768,0.055941
4.769,-0.040535
4.77,0.0730192
4.771,0.0380654
4.772,0.0600516
4.773,0.0706558
4.774,0.0768582
4.775,0.0498784
4.776,0.066478
4.777,0.0631428
4.778,0.0717237
4.779,0.0955485
4.78,0.190601
4.781,0.141541
4.782,0.131978
4.783,0.167338
4.784,0.109802
4.785,0.207189
4.786,0.21383
4.787,0.189729
4.788,0.136978
4.789,0.249637
4.79,0.219581
4.791,0.202462
4.792,0.201697
4.793,0.260228
4.794,0.285987
4.795,0.269863
4.796,0.199905
4.797,0.246926
4.798,0.286375
4.799,0.321868
4.8,0.353159
4.801,0.27063
4.802,0.313908
4.803,0.337218
4.804,0.349347
4.805,0.345966
4.806,0.313659
4.807,0.264376
4.808,0.40674
4.809,0.386898
4.81,0.410362
4.811,0.323848
4.812,0.35784
4.813,0.386017
4.814,0.412124
4.815,0.363193
4.816,0.378656
4.817,0.349365
4.818,0.442756
4.819,0.389989
4.82,0.375586
4.821,0.396765
4.822,0.366456
4.823,0.368907
4.824,0.392293
4.825,0.382734
4.826,0.433179
4.827,0.448031
4.828,0.379338
4.829,0.412818
4.83,0.435143
4.831,0.381106
4.832,0.4659
4.833,0.373593
4.834,0.360742
4.835,0.352449
4.836,0.397737
4.837,0.401456
4.838,0.413426
4.839,0.381719
4.84,0.394109
4.841,0.359373
4.842,0.38626
4.843,0.33561
4.844,0.363131
4.845,0.421895
4.846,0.345941
4.847,0.332114
4.848,0.296962
4.849,0.323835
4.85,0.314498
4.851,0.350385
4.852,0.378168
4.853,0.251637
4.854,0.342319
4.855,0.307168
4.856,0.258937
4.857,0.267034
4.858,0.296279
4.859,0.332927
4.86,0.266796
4.861,0.271671
4.862,0.271632
4.863,0.205552
4.864,0.22184
4.865,0.282222
4.866,0.252107
4.867,0.243642
4.868,0.20975
4.869,0.290312
4.87,0.195727
4.871,0.178732
4.872,0.235702
4.873,0.158219
4.874,0.219203
4.875,0.1842
4.876,0.142764
4.877,0.191468
4.878,0.119596
4.879,0.159544
4.88,0.157836
4.881,0.104329
4.882,0.114949
4.883,0.150344
4.884,0.0882171
4.885,0.0594287
4.886,0.102256
4.887,0.0271973
4.888,0.047465
4.889,0.0366883
4.89,0.00203632
4.891,0.00877904
4.892,-0.0128992
4.893,-0.0724035
4.894,0.00519934
4.895,0.0408225
4.896,-0.0831247
4.897,-0.0672767
4.898,-0.0668062
4.899,-0.0274333
4.9,-0.057784
4.901,-0.120628
4.902,-0.112827
4.903,-0.114633
4.904,-0.0945603
4.905,-0.146672
4.906,-0.104033
4.907,-0.192137
4.908,-0.130009
4.909,-0.134158
4.91,-0.202538
4.911,-0.109432
4.912,-0.251718
4.913,-0.231127
4.914,-0.218504
4.915,-0.254105
4.916,-0.208026
4.917,-0.205945
4.918,-0.200596
4.919,-0.309528
4.92,-0.25258
4.921,-0.298262
4.922,-0.289998
4.923,-0.259583
4.924,-0.282747
4.925,-0.241878
4.926,-0.312486
4.927,-0.281702
4.928,-0.311887
4.929,-0.327049
4.93,-0.360741
4.931,-0.367109
4.932,-0.333149
4.933,-0.323358
4.934,-0.32113
4.935,-0.342038
4.936,-0.346586
4.937,-0.330628
4.938,-0.331549
4.939,-0.394359
4.94,-0.399997
4.941,-0.332632
4.942,-0.365357
4.943,-0.380791
4.944,-0.377622
4.945,-0.427414
4.946,-0.392353
4.947,-0.335258
4.948,-0.41955
4.949,-0.388387
4.95,-0.357309
4.951,-0.403082
4.952,-0.360563
4.953,-0.410742
4.954,-0.37829
4.955,-0.381856
4.956,-0.427636
4.957,-0.406459
4.958,-0.4331
4.959,-0.452352
4.96,-0.39267
4.961,-0.394004
4.962,-0.375255
4.963,-0.412344
4.964,-0.468108
4.965,-0.391277
4.966,-0.363908
4.967,-0.341722
4.968,-0.374111
4.969,-0.35456
4.97,-0.400586
4.971,-0.371164
4.972,-0.401161
4.973,-0.351044
4.974,-0.325465
4.975,-0.349562
4.976,-0.335401
4.977,-0.265905
4.978,-0.379329
4.979,-0.284154
4.98,-0.347107
4.981,-0.299926
4.982,-0.307596
4.983,-0.295029
4.984,-0.379231
4.985,-0.300321
4.986,-0.294809
4.987,-0.288801
4.988,-0.332248
4.989,-0.202099
4.99,-0.306097
4.991,-0.199238
4.992,-0.219173
4.993,-0.234409
4.994,-0.242715
4.995,-0.148889
4.996,-0.225779
4.997,-0.174372
4.998,-0.173003
4.999,-0.194048
