# t, n
0,2.20246
0.001,1.78894
0.002,1.29584
0.003,0.829207
0.004,0.315286
0.005,-0.0847706
0.006,-0.640469
0.007,-1.09783
0.008,-1.477
0.009,-1.97456
0.01,-2.29915
0.011,-2.59116
0.012,-2.8871
0.013,-3.19559
0.014,-3.34101
0.015,-3.48201
0.016,-3.61462
0.017,-3.62159
0.018,-3.65442
0.019,-3.5628
0.02,-3.43761
0.021,-3.32132
0.022,-3.02116
0.023,-2.85596
0.024,-2.62163
0.025,-2.27274
0.026,-1.98227
0.027,-1.68949
0.028,-1.30491
0.029,-0.949067
0.03,-0.633956
0.031,-0.245944
0.032,0.130217
0.033,0.419276
0.034,0.701733
0.035,1.06145
0.036,1.32876
0.037,1.51411
0.038,1.70059
0.039,1.89977
0.04,1.99131
0.041,1.98136
0.042,2.05313
0.043,2.11629
0.044,2.05661
0.045,2.02031
0.046,1.92199
0.047,1.7905
0.048,1.57808
0.049,1.48302
0.05,1.21158
0.051,1.08329
0.052,0.814056
0.053,0.642647
0.054,0.398844
0.055,0.141314
0.056,-0.0819175
0.057,-0.269712
0.058,-0.44061
0.059,-0.598001
0.06,-0.779304
0.061,-0.870414
0.062,-0.91325
0.063,-1.00581
0.064,-1.0632
0.065,-1.01281
0.066,-1.00916
0.067,-0.953647
0.068,-0.924501
0.069,-0.778795
0.07,-0.578906
0.071,-0.4506
0.072,-0.298588
0.073,-0.090756
0.074,0.0965252
0.075,0.293377
0.076,0.473491
0.077,0.61254
0.078,0.855018
0.079,1.03788
0.08,1.15129
0.081,1.31762
0.082,1.42729
0.083,1.53644
0.084,1.62414
0.085,1.54159
0.086,1.54218
0.087,1.50307
0.088,1.48901
0.089,1.31638
0.09,1.24829
0.091,1.06617
0.092,0.909786
0.093,0.550222
0.094,0.346484
0.095,0.0561939
0.096,-0.227693
0.097,-0.427465
0.098,-0.821775
0.099,-1.07516
0.1,-1.35957
0.101,-1.71192
0.102,-1.9369
0.103,-2.24057
0.104,-2.47296
0.105,-2.62757
0.106,-2.80364
0.107,-2.96728
0.108,-3.0686
0.109,-3.08887
0.11,-3.09386
0.111,-3.05117
0.112,-2.94426
0.113,-2.82307
0.114,-2.59777
0.115,-2.35766
0.116,-2.15953
0.117,-1.8036
0.118,-1.49836
0.119,-1.18852
0.12,-0.733539
0.121,-0.351265
0.122,0.142072
0.123,0.515037
0.124,1.08563
0.125,1.43546
0.126,1.88082
0.127,2.29459
0.128,2.68163
0.129,3.09125
0.13,3.3596
0.131,3.70513
0.132,3.90648
0.133,4.12986
0.134,4.25967
0.135,4.38295
0.136,4.40515
0.137,4.37151
0.138,4.29144
0.139,4.08512
0.14,3.9177
0.141,3.6987
0.142,3.36721
0.143,2.96779
0.144,2.59813
0.145,2.19964
0.146,1.71461
0.147,1.18835
0.148,0.656705
0.149,0.174736
0.15,-0.390857
0.151,-0.945454
0.152,-1.48413
0.153,-2.0519
0.154,-2.48615
0.155,-2.96664
0.156,-3.40279
0.157,-3.81243
0.158,-4.15794
0.159,-4.41412
0.16,-4.69809
0.161,-4.83716
0.162,-4.96351
0.163,-5.01171
0.164,-5.01347
0.165,-4.86445
0.166,-4.70889
0.167,-4.56886
0.168,-4.24092
0.169,-3.93442
0.17,-3.54836
0.171,-3.14524
0.172,-2.71116
0.173,-2.20716
0.174,-1.70257
0.175,-1.11113
0.176,-0.574297
0.177,0.00475097
0.178,0.55754
0.179,1.13989
0.18,1.69465
0.181,2.20408
0.182,2.60339
0.183,3.01786
0.184,3.46302
0.185,3.84275
0.186,4.13013
0.187,4.31238
0.188,4.46086
0.189,4.61364
0.19,4.69615
0.191,4.74949
0.192,4.67365
0.193,4.48919
0.194,4.28978
0.195,4.01685
0.196,3.78509
0.197,3.50072
0.198,3.1403
0.199,2.71217
0.2,2.28757
0.201,1.76563
0.202,1.32518
0.203,0.812032
0.204,0.338251
0.205,-0.166702
0.206,-0.655741
0.207,-1.10323
0.208,-1.55161
0.209,-1.91002
0.21,-2.30196
0.211,-2.67241
0.212,-2.90508
0.213,-3.15831
0.214,-3.36944
0.215,-3.456
0.216,-3.63308
0.217,-3.63267
0.218,-3.62052
0.219,-3.52251
0.22,-3.44874
0.221,-3.29218
0.222,-3.02958
0.223,-2.82166
0.224,-2.55839
0.225,-2.2791
0.226,-1.98585
0.227,-1.60604
0.228,-1.2264
0.229,-0.972597
0.23,-0.563959
0.231,-0.251887
0.232,0.0853151
0.233,0.428701
0.234,0.776635
0.235,1.0267
0.236,1.30914
0.237,1.48954
0.238,1.69051
0.239,1.85965
0.24,1.98549
0.241,2.04567
0.242,2.08058
0.243,2.08959
0.244,2.09046
0.245,2.04278
0.246,1.9286
0.247,1.78519
0.248,1.5846
0.249,1.39605
0.25,1.23371
0.251,1.04645
0.252,0.863137
0.253,0.566366
0.254,0.410959
0.255,0.207053
0.256,-0.061685
0.257,-0.260942
0.258,-0.459428
0.259,-0.559096
0.26,-0.721511
0.261,-0.860318
0.262,-0.97696
0.263,-0.971535
0.264,-1.02629
0.265,-0.989471
0.266,-1.01247
0.267,-0.949971
0.268,-0.922414
0.269,-0.723164
0.27,-0.585208
0.271,-0.442274
0.272,-0.318019
0.273,-0.105648
0.274,0.104051
0.275,0.251908
0.276,0.515548
0.277,0.671901
0.278,0.834021
0.279,1.02298
0.28,1.20084
0.281,1.32448
0.282,1.43102
0.283,1.53798
0.284,1.56083
0.285,1.57652
0.286,1.63928
0.287,1.53234
0.288,1.48081
0.289,1.36758
0.29,1.23501
0.291,1.04895
0.292,0.860649
0.293,0.634657
0.294,0.287146
0.295,0.0944786
0.296,-0.209296
0.297,-0.451036
0.298,-0.729129
0.299,-1.084
0.3,-1.35221
0.301,-1.62941
0.302,-1.97581
0.303,-2.21852
0.304,-2.42504
0.305,-2.61633
0.306,-2.83163
0.307,-3.00825
0.308,-3.02209
0.309,-3.10281
0.31,-3.07595
0.311,-3.06901
0.312,-3.03115
0.313,-2.81372
0.314,-2.6613
0.315,-2.39011
0.316,-2.13342
0.317,-1.78927
0.318,-1.47882
0.319,-1.08274
0.32,-0.730181
0.321,-0.351799
0.322,0.10025
0.323,0.612219
0.324,1.00378
0.325,1.39279
0.326,1.89727
0.327,2.27515
0.328,2.66147
0.329,3.04342
0.33,3.4155
0.331,3.63372
0.332,3.89755
0.333,4.11834
0.334,4.17076
0.335,4.36013
0.336,4.32015
0.337,4.39023
0.338,4.25306
0.339,4.12626
0.34,3.95361
0.341,3.69759
0.342,3.37049
0.343,3.04951
0.344,2.64407
0.345,2.18904
0.346,1.70229
0.347,1.19672
0.348,0.654794
0.349,0.163004
0.35,-0.425346
0.351,-0.913777
0.352,-1.51323
0.353,-2.01615
0.354,-2.48903
0.355,-3.01313
0.356,-3.37503
0.357,-3.83334
0.358,-4.19609
0.359,-4.41676
0.36,-4.66921
0.361,-4.82828
0.362,-4.93094
0.363,-4.97531
0.364,-5.02263
0.365,-4.89273
0.366,-4.7152
0.367,-4.50643
0.368,-4.22899
0.369,-3.90434
0.37,-3.5507
0.371,-3.12227
0.372,-2.68144
0.373,-2.24822
0.374,-1.58659
0.375,-1.10059
0.376,-0.591917
0.377,0.0243033
0.378,0.577307
0.379,1.10781
0.38,1.59818
0.381,2.16355
0.382,2.62857
0.383,3.03766
0.384,3.50302
0.385,3.76973
0.386,4.08597
0.387,4.28039
0.388,4.52672
0.389,4.69199
0.39,4.7024
0.391,4.69378
0.392,4.59138
0.393,4.57178
0.394,4.32933
0.395,4.11429
0.396,3.82399
0.397,3.54594
0.398,3.05949
0.399,2.67929
0.4,2.23982
0.401,1.72602
0.402,1.26899
0.403,0.840446
0.404,0.315714
0.405,-0.162524
0.406,-0.688302
0.407,-1.08157
0.408,-1.50262
0.409,-1.92345
0.41,-2.3309
0.411,-2.6479
0.412,-2.93797
0.413,-3.1475
0.414,-3.38331
0.415,-3.483
0.416,-3.59169
0.417,-3.63502
0.418,-3.60023
0.419,-3.54449
0.42,-3.46487
0.421,-3.23799
0.422,-3.07954
0.423,-2.87751
0.424,-2.60966
0.425,-2.34595
0.426,-1.97369
0.427,-1.65462
0.428,-1.2852
0.429,-0.92889
0.43,-0.60934
0.431,-0.251551
0.432,0.105879
0.433,0.387178
0.434,0.771219
0.435,1.08879
0.436,1.30542
0.437,1.50705
0.438,1.7021
0.439,1.86904
0.44,1.95575
0.441,2.10944
0.442,2.15944
0.443,2.09334
0.444,2.01498
0.445,1.95906
0.446,1.88387
0.447,1.77887
0.448,1.58395
0.449,1.42878
0.45,1.27916
0.451,1.00251
0.452,0.809589
0.453,0.59414
0.454,0.365427
0.455,0.171181
0.456,-0.0457173
0.457,-0.254885
0.458,-0.422846
0.459,-0.613769
0.46,-0.70897
0.461,-0.898163
0.462,-0.926113
0.463,-0.956973
0.464,-1.03744
0.465,-1.05804
0.466,-0.972814
0.467,-0.907695
0.468,-0.79401
0.469,-0.783146
0.47,-0.58669
0.471,-0.417306
0.472,-0.285459
0.473,-0.101648
0.474,0.0772186
0.475,0.315243
0.476,0.563812
0.477,0.678416
0.478,0.891137
0.479,0.971444
0.48,1.17197
0.481,1.2392
0.482,1.42705
0.483,1.49263
0.484,1.5711
0.485,1.59435
0.486,1.5617
0.487,1.58548
0.488,1.51121
0.489,1.34931
0.49,1.21676
0.491,1.03684
0.492,0.824295
0.493,0.638503
0.494,0.362093
0.495,0.0983178
0.496,-0.193385
0.497,-0.524323
0.498,-0.795516
0.499,-1.1227
0.5,-1.40281
0.501,-1.62319
0.502,-1.99775
0.503,-2.20802
0.504,-2.41839
0.505,-2.61639
0.506,-2.81284
0.507,-2.93779
0.508,-3.05202
0.509,-3.07947
0.51,-3.08641
0.511,-3.07952
0.512,-2.97524
0.513,-2.87531
0.514,-2.58928
0.515,-2.37933
0.516,-2.20588
0.517,-1.85507
0.518,-1.46924
0.519,-1.07256
0.52,-0.770682
0.521,-0.348701
0.522,0.109671
0.523,0.521438
0.524,0.945045
0.525,1.43164
0.526,1.8892
0.527,2.34892
0.528,2.70498
0.529,3.13742
0.53,3.3524
0.531,3.6828
0.532,3.89832
0.533,4.11441
0.534,4.26877
0.535,4.30671
0.536,4.40027
0.537,4.39711
0.538,4.28146
0.539,4.17715
0.54,3.95322
0.541,3.64871
0.542,3.38933
0.543,3.05619
0.544,2.64744
0.545,2.17036
0.546,1.70955
0.547,1.21605
0.548,0.700946
0.549,0.119806
0.55,-0.376362
0.551,-0.938928
0.552,-1.49395
0.553,-1.96569
0.554,-2.49239
0.555,-2.95171
0.556,-3.44336
0.557,-3.8021
0.558,-4.14622
0.559,-4.36777
0.56,-4.65543
0.561,-4.81866
0.562,-4.95669
0.563,-4.96288
0.564,-5.02817
0.565,-4.87767
0.566,-4.68335
0.567,-4.5026
0.568,-4.26859
0.569,-3.9169
0.57,-3.54924
0.571,-3.1086
0.572,-2.65691
0.573,-2.15258
0.574,-1.68412
0.575,-1.10967
0.576,-0.562597
0.577,-0.0405554
0.578,0.524677
0.579,1.08368
0.58,1.60602
0.581,2.15148
0.582,2.71259
0.583,3.07379
0.584,3.49903
0.585,3.79329
0.586,4.06994
0.587,4.32229
0.588,4.49442
0.589,4.67496
0.59,4.73262
0.591,4.73305
0.592,4.5808
0.593,4.50271
0.594,4.33215
0.595,4.11076
0.596,3.78955
0.597,3.45652
0.598,3.09421
0.599,2.67476
0.6,2.27776
0.601,1.73672
0.602,1.33959
0.603,0.794883
0.604,0.341529
0.605,-0.115309
0.606,-0.619339
0.607,-1.11522
0.608,-1.49547
0.609,-1.91108
0.61,-2.32722
0.611,-2.62361
0.612,-2.90241
0.613,-3.10042
0.614,-3.36405
0.615,-3.4966
0.616,-3.56956
0.617,-3.58228
0.618,-3.61549
0.619,-3.56092
0.62,-3.42426
0.621,-3.22986
0.622,-3.10741
0.623,-2.88958
0.624,-2.61858
0.625,-2.28178
0.626,-1.99576
0.627,-1.6503
0.628,-1.29337
0.629,-0.9592
0.63,-0.585498
0.631,-0.204184
0.632,0.160471
0.633,0.448102
0.634,0.793076
0.635,0.992485
0.636,1.26671
0.637,1.47339
0.638,1.71291
0.639,1.87529
0.64,1.98649
0.641,2.11261
0.642,2.08546
0.643,2.09185
0.644,2.08197
0.645,1.99585
0.646,1.85626
0.647,1.8494
0.648,1.67718
0.649,1.40376
0.65,1.19743
0.651,1.05373
0.652,0.80613
0.653,0.573904
0.654,0.428698
0.655,0.218199
0.656,-0.0528376
0.657,-0.203686
0.658,-0.380901
0.659,-0.586334
0.66,-0.69944
0.661,-0.90293
0.662,-0.976403
0.663,-0.966244
0.664,-0.986414
0.665,-1.02104
0.666,-1.02333
0.667,-0.967819
0.668,-0.851326
0.669,-0.686952
0.67,-0.598328
0.671,-0.4283
0.672,-0.34678
0.673,-0.0899391
0.674,0.128566
0.675,0.257924
0.676,0.444831
0.677,0.677153
0.678,0.868507
0.679,1.00437
0.68,1.16603
0.681,1.28852
0.682,1.40587
0.683,1.43717
0.684,1.53554
0.685,1.54019
0.686,1.56824
0.687,1.51209
0.688,1.40637
0.689,1.35445
0.69,1.22293
0.691,1.06924
0.692,0.835503
0.693,0.591247
0.694,0.371769
0.695,0.108426
0.696,-0.170191
0.697,-0.505108
0.698,-0.792021
0.699,-1.08337
0.7,-1.40967
0.701,-1.74019
0.702,-1.93807
0.703,-2.2042
0.704,-2.43543
0.705,-2.64907
0.706,-2.84299
0.707,-2.92591
0.708,-3.0339
0.709,-3.0699
0.71,-3.07571
0.711,-3.03913
0.712,-2.92876
0.713,-2.82313
0.714,-2.5966
0.715,-2.40679
0.716,-2.13662
0.717,-1.79644
0.718,-1.55748
0.719,-1.13278
0.72,-0.739969
0.721,-0.337128
0.722,0.0807633
0.723,0.57667
0.724,0.952918
0.725,1.49634
0.726,1.86679
0.727,2.30185
0.728,2.69114
0.729,3.05621
0.73,3.37596
0.731,3.69972
0.732,3.8888
0.733,4.17052
0.734,4.29134
0.735,4.36798
0.736,4.35777
0.737,4.36689
0.738,4.28018
0.739,4.14385
0.74,3.91629
0.741,3.6974
0.742,3.41657
0.743,3.01056
0.744,2.55218
0.745,2.19205
0.746,1.6905
0.747,1.18429
0.748,0.641535
0.749,0.102887
0.75,-0.403328
0.751,-0.993855
0.752,-1.53186
0.753,-2.03478
0.754,-2.45363
0.755,-2.96964
0.756,-3.42497
0.757,-3.7959
0.758,-4.14013
0.759,-4.43157
0.76,-4.66171
0.761,-4.78147
0.762,-4.86875
0.763,-5.00767
0.764,-4.98783
0.765,-4.85161
0.766,-4.70645
0.767,-4.57271
0.768,-4.22892
0.769,-3.86584
0.77,-3.56068
0.771,-3.10403
0.772,-2.62013
0.773,-2.21132
0.774,-1.69625
0.775,-1.10367
0.776,-0.50246
0.777,0.0574618
0.778,0.560583
0.779,1.12224
0.78,1.63687
0.781,2.13694
0.782,2.62121
0.783,3.09415
0.784,3.47311
0.785,3.79901
0.786,4.13647
0.787,4.38186
0.788,4.50449
0.789,4.609
0.79,4.7355
0.791,4.71802
0.792,4.62217
0.793,4.49833
0.794,4.26923
0.795,4.06893
0.796,3.88411
0.797,3.47273
0.798,3.12903
0.799,2.72221
0.8,2.24381
0.801,1.75251
0.802,1.33205
0.803,0.822412
0.804,0.324774
0.805,-0.162936
0.806,-0.614087
0.807,-1.13455
0.808,-1.49581
0.809,-1.90426
0.81,-2.27511
0.811,-2.61245
0.812,-2.97433
0.813,-3.14579
0.814,-3.35124
0.815,-3.46694
0.816,-3.55435
0.817,-3.60992
0.818,-3.59276
0.819,-3.61455
0.82,-3.42788
0.821,-3.31709
0.822,-3.12693
0.823,-2.88713
0.824,-2.60028
0.825,-2.32339
0.826,-1.98407
0.827,-1.61374
0.828,-1.28285
0.829,-0.9064
0.83,-0.568201
0.831,-0.227601
0.832,0.105364
0.833,0.474649
0.834,0.729037
0.835,1.05099
0.836,1.26627
0.837,1.55054
0.838,1.6154
0.839,1.83151
0.84,2.0032
0.841,2.09645
0.842,2.09552
0.843,2.09045
0.844,2.03808
0.845,1.94289
0.846,1.84888
0.847,1.79381
0.848,1.66675
0.849,1.44046
0.85,1.27489
0.851,1.10185
0.852,0.794074
0.853,0.567091
0.854,0.397976
0.855,0.185205
0.856,-0.0795439
0.857,-0.229959
0.858,-0.420657
0.859,-0.602896
0.86,-0.754563
0.861,-0.836997
0.862,-0.95429
0.863,-0.993994
0.864,-1.06166
0.865,-1.01026
0.866,-1.03546
0.867,-1.04336
0.868,-0.797005
0.869,-0.728463
0.87,-0.682689
0.871,-0.470227
0.872,-0.296034
0.873,-0.0292152
0.874,0.0923448
0.875,0.321359
0.876,0.465111
0.877,0.599651
0.878,0.86556
0.879,1.01337
0.88,1.2458
0.881,1.37098
0.882,1.42648
0.883,1.52975
0.884,1.58525
0.885,1.61143
0.886,1.58838
0.887,1.51792
0.888,1.47791
0.889,1.34987
0.89,1.18411
0.891,1.06716
0.892,0.854837
0.893,0.609922
0.894,0.379201
0.895,0.0927087
0.896,-0.254737
0.897,-0.535027
0.898,-0.782055
0.899,-1.09884
0.9,-1.42416
0.901,-1.68819
0.902,-1.96654
0.903,-2.20293
0.904,-2.42901
0.905,-2.63669
0.906,-2.83672
0.907,-2.93417
0.908,-3.03579
0.909,-3.07849
0.91,-3.09648
0.911,-3.0626
0.912,-2.93341
0.913,-2.86115
0.914,-2.59159
0.915,-2.40466
0.916,-2.16253
0.917,-1.89214
0.918,-1.50554
0.919,-1.05319
0.92,-0.687077
0.921,-0.318722
0.922,0.10817
0.923,0.4823
0.924,1.0166
0.925,1.38532
0.926,1.8645
0.927,2.3164
0.928,2.70457
0.929,3.10309
0.93,3.36393
0.931,3.69139
0.932,3.89836
0.933,4.14125
0.934,4.29101
0.935,4.37574
0.936,4.36831
0.937,4.34046
0.938,4.19878
0.939,4.13596
0.94,3.97067
0.941,3.6811
0.942,3.36173
0.943,3.0099
0.944,2.60241
0.945,2.15664
0.946,1.65422
0.947,1.19734
0.948,0.681837
0.949,0.078168
0.95,-0.389927
0.951,-0.938409
0.952,-1.50127
0.953,-1.98598
0.954,-2.46272
0.955,-3.00161
0.956,-3.41834
0.957,-3.81658
0.958,-4.16284
0.959,-4.38931
0.96,-4.69144
0.961,-4.86801
0.962,-4.89699
0.963,-5.0497
0.964,-4.98204
0.965,-4.86499
0.966,-4.76275
0.967,-4.51056
0.968,-4.27998
0.969,-3.93288
0.97,-3.56751
0.971,-3.14336
0.972,-2.69574
0.973,-2.16925
0.974,-1.72378
0.975,-1.12487
0.976,-0.634584
0.977,-0.035589
0.978,0.543101
0.979,1.12733
0.98,1.62377
0.981,2.11929
0.982,2.63602
0.983,3.03954
0.984,3.41938
0.985,3.79256
0.986,4.10611
0.987,4.3447
0.988,4.55065
0.989,4.62486
0.99,4.69271
0.991,4.7195
0.992,4.61842
0.993,4.52191
0.994,4.28037
0.995,4.06354
0.996,3.76343
0.997,3.45883
0.998,3.10532
0.999,2.62078
1,2.18788
1.001,1.78972
1.002,1.33275
1.003,0.793428
1.004,0.294509
1.005,-0.138896
1.006,-0.633586
1.007,-1.12156
1.008,-1.49913
1.009,-1.91397
1.01,-2.2969
1.011,-2.6799
1.012,-2.94309
1.013,-3.14515
1.014,-3.35689
1.015,-3.49701
1.016,-3.62703
1.017,-3.62538
1.018,-3.55591
1.019,-3.55985
1.02,-3.41099
1.021,-3.30091
1.022,-3.03988
1.023,-2.86179
1.024,-2.59719
1.025,-2.32053
1.026,-1.97586
1.027,-1.66191
1.028,-1.25428
1.029,-0.942429
1.03,-0.548483
1.031,-0.224488
1.032,0.0887839
1.033,0.472007
1.034,0.742246
1.035,0.978988
1.036,1.29307
1.037,1.48297
1.038,1.65958
1.039,1.88591
1.04,1.97137
1.041,2.06295
1.042,2.15307
1.043,2.06418
1.044,2.07992
1.045,2.00271
1.046,1.89971
1.047,1.73948
1.048,1.5918
1.049,1.45091
1.05,1.30672
1.051,1.02888
1.052,0.835051
1.053,0.612263
1.054,0.357472
1.055,0.111384
1.056,0.0200825
1.057,-0.24475
1.058,-0.410702
1.059,-0.579558
1.06,-0.75726
1.061,-0.862409
1.062,-0.93073
1.063,-0.992487
1.064,-1.05538
1.065,-1.04559
1.066,-0.954056
1.067,-0.93122
1.068,-0.855721
1.069,-0.714635
1.07,-0.637209
1.071,-0.493021
1.072,-0.296274
1.073,-0.133825
1.074,0.0854769
1.075,0.308117
1.076,0.437152
1.077,0.632809
1.078,0.86453
1.079,1.07518
1.08,1.18171
1.081,1.28933
1.082,1.39
1.083,1.45779
1.084,1.58966
1.085,1.58654
1.086,1.53372
1.087,1.52197
1.088,1.47416
1.089,1.36867
1.09,1.20158
1.091,1.04174
1.092,0.808344
1.093,0.623583
1.094,0.401294
1.095,0.0581137
1.096,-0.181056
1.097,-0.508607
1.098,-0.770623
1.099,-1.00818
1.1,-1.38877
1.101,-1.70174
1.102,-1.95484
1.103,-2.24578
1.104,-2.4261
1.105,-2.63028
1.106,-2.76077
1.107,-2.97915
1.108,-3.00946
1.109,-3.0634
1.11,-3.05539
1.111,-2.98536
1.112,-2.95923
1.113,-2.83732
1.114,-2.66272
1.115,-2.43406
1.116,-2.12149
1.117,-1.94088
1.118,-1.46469
1.119,-1.12523
1.12,-0.701284
1.121,-0.268737
1.122,0.131637
1.123,0.537189
1.124,0.960342
1.125,1.47148
1.126,1.85108
1.127,2.28731
1.128,2.7555
1.129,3.10853
1.13,3.41806
1.131,3.6692
1.132,3.94312
1.133,4.1224
1.134,4.26377
1.135,4.34507
1.136,4.3629
1.137,4.29907
1.138,4.32838
1.139,4.10378
1.14,3.92443
1.141,3.75402
1.142,3.39515
1.143,3.07734
1.144,2.62741
1.145,2.15789
1.146,1.69494
1.147,1.24889
1.148,0.61293
1.149,0.0952993
1.15,-0.425085
1.151,-0.988024
1.152,-1.48162
1.153,-2.04319
1.154,-2.51824
1.155,-2.98649
1.156,-3.37727
1.157,-3.78496
1.158,-4.1197
1.159,-4.40223
1.16,-4.63276
1.161,-4.85499
1.162,-4.93863
1.163,-5.0189
1.164,-4.98571
1.165,-4.8827
1.166,-4.71273
1.167,-4.51658
1.168,-4.27901
1.169,-3.94635
1.17,-3.54935
1.171,-3.12171
1.172,-2.62862
1.173,-2.17341
1.174,-1.66343
1.175,-1.16449
1.176,-0.581264
1.177,0.0448998
1.178,0.565121
1.179,1.13356
1.18,1.63122
1.181,2.09873
1.182,2.62948
1.183,3.06372
1.184,3.45694
1.185,3.8818
1.186,4.05451
1.187,4.34095
1.188,4.53057
1.189,4.63479
1.19,4.67612
1.191,4.74246
1.192,4.57413
1.193,4.51861
1.194,4.29931
1.195,4.11385
1.196,3.80865
1.197,3.47043
1.198,3.04113
1.199,2.68235
1.2,2.19904
1.201,1.80961
1.202,1.26752
1.203,0.849846
1.204,0.346265
1.205,-0.15529
1.206,-0.684307
1.207,-1.14018
1.208,-1.48392
1.209,-1.94436
1.21,-2.31416
1.211,-2.64509
1.212,-2.99039
1.213,-3.08937
1.214,-3.37792
1.215,-3.52587
1.216,-3.57339
1.217,-3.62835
1.218,-3.65986
1.219,-3.54671
1.22,-3.49336
1.221,-3.29868
1.222,-3.15968
1.223,-2.8461
1.224,-2.5844
1.225,-2.28176
1.226,-1.97157
1.227,-1.66183
1.228,-1.25927
1.229,-0.900608
1.23,-0.617559
1.231,-0.246704
1.232,0.174658
1.233,0.445182
1.234,0.71004
1.235,1.05321
1.236,1.30383
1.237,1.4748
1.238,1.66627
1.239,1.92819
1.24,2.03098
1.241,2.04321
1.242,2.10817
1.243,2.09556
1.244,2.03711
1.245,2.02364
1.246,1.92574
1.247,1.7778
1.248,1.63827
1.249,1.45425
1.25,1.29966
1.251,0.957426
1.252,0.846485
1.253,0.591813
1.254,0.386557
1.255,0.160398
1.256,-0.0112209
1.257,-0.194048
1.258,-0.449227
1.259,-0.608592
1.26,-0.678938
1.261,-0.868235
1.262,-0.98281
1.263,-1.00779
1.264,-1.08201
1.265,-0.954292
1.266,-0.996194
1.267,-0.955401
1.268,-0.86486
1.269,-0.739205
1.27,-0.596275
1.271,-0.417509
1.272,-0.242753
1.273,-0.0831604
1.274,0.079198
1.275,0.21227
1.276,0.456159
1.277,0.646235
1.278,0.83226
1.279,1.05288
1.28,1.1567
1.281,1.3212
1.282,1.45387
1.283,1.45159
1.284,1.57653
1.285,1.59734
1.286,1.5424
1.287,1.57389
1.288,1.54087
1.289,1.34771
1.29,1.15787
1.291,1.01829
1.292,0.836708
1.293,0.657313
1.294,0.36132
1.295,0.113381
1.296,-0.198366
1.297,-0.46039
1.298,-0.753434
1.299,-1.05574
1.3,-1.37092
1.301,-1.64487
1.302,-1.94334
1.303,-2.20399
1.304,-2.50703
1.305,-2.62176
1.306,-2.79554
1.307,-2.93017
1.308,-3.07648
1.309,-3.0736
1.31,-3.08648
1.311,-3.05186
1.312,-2.95165
1.313,-2.7902
1.314,-2.69748
1.315,-2.4295
1.316,-2.16212
1.317,-1.80765
1.318,-1.44295
1.319,-1.15032
1.32,-0.72153
1.321,-0.269159
1.322,0.111193
1.323,0.570228
1.324,1.01759
1.325,1.47858
1.326,1.90058
1.327,2.34709
1.328,2.67798
1.329,3.05744
1.33,3.38114
1.331,3.70289
1.332,3.90321
1.333,4.15594
1.334,4.30498
1.335,4.41272
1.336,4.41051
1.337,4.36392
1.338,4.27347
1.339,4.0907
1.34,3.95713
1.341,3.71972
1.342,3.39999
1.343,3.01435
1.344,2.64996
1.345,2.20891
1.346,1.70924
1.347,1.16358
1.348,0.663565
1.349,0.130349
1.35,-0.351924
1.351,-0.936223
1.352,-1.52363
1.353,-1.98128
1.354,-2.48003
1.355,-2.9394
1.356,-3.44582
1.357,-3.87279
1.358,-4.12538
1.359,-4.35255
1.36,-4.70385
1.361,-4.84925
1.362,-4.95772
1.363,-4.9978
1.364,-4.91055
1.365,-4.90918
1.366,-4.71835
1.367,-4.5274
1.368,-4.29112
1.369,-3.88119
1.37,-3.55608
1.371,-3.11676
1.372,-2.6906
1.373,-2.14492
1.374,-1.65814
1.375,-1.09321
1.376,-0.526834
1.377,-0.0469802
1.378,0.483788
1.379,1.12908
1.38,1.65278
1.381,2.15867
1.382,2.59828
1.383,3.05783
1.384,3.51651
1.385,3.82243
1.386,4.11354
1.387,4.33427
1.388,4.48729
1.389,4.63023
1.39,4.70379
1.391,4.67903
1.392,4.65876
1.393,4.47708
1.394,4.26675
1.395,4.09609
1.396,3.80378
1.397,3.50953
1.398,3.04784
1.399,2.74712
1.4,2.22016
1.401,1.75119
1.402,1.30273
1.403,0.830732
1.404,0.323818
1.405,-0.126737
1.406,-0.650293
1.407,-1.10896
1.408,-1.51954
1.409,-1.93978
1.41,-2.32375
1.411,-2.64901
1.412,-2.87914
1.413,-3.2048
1.414,-3.42459
1.415,-3.49189
1.416,-3.62747
1.417,-3.60128
1.418,-3.61463
1.419,-3.50668
1.42,-3.4745
1.421,-3.32366
1.422,-3.13068
1.423,-2.87603
1.424,-2.5893
1.425,-2.24929
1.426,-1.95841
1.427,-1.64216
1.428,-1.29556
1.429,-0.932935
1.43,-0.59489
1.431,-0.239378
1.432,0.117829
1.433,0.490617
1.434,0.710942
1.435,1.00949
1.436,1.29764
1.437,1.51723
1.438,1.61504
1.439,1.88013
1.44,1.9716
1.441,2.01628
1.442,2.12616
1.443,2.10828
1.444,2.07801
1.445,2.0598
1.446,1.90376
1.447,1.77165
1.448,1.64013
1.449,1.45161
1.45,1.28498
1.451,1.04219
1.452,0.846697
1.453,0.634575
1.454,0.337701
1.455,0.180246
1.456,-0.0476693
1.457,-0.269147
1.458,-0.395901
1.459,-0.581497
1.46,-0.78649
1.461,-0.815848
1.462,-0.957871
1.463,-0.979439
1.464,-1.06277
1.465,-0.985087
1.466,-0.924149
1.467,-0.934482
1.468,-0.885128
1.469,-0.772453
1.47,-0.590916
1.471,-0.469761
1.472,-0.306563
1.473,-0.129298
1.474,0.0682403
1.475,0.300953
1.476,0.464158
1.477,0.643606
1.478,0.866064
1.479,1.00224
1.48,1.22068
1.481,1.30189
1.482,1.39124
1.483,1.5148
1.484,1.58759
1.485,1.61252
1.486,1.58338
1.487,1.52793
1.488,1.44943
1.489,1.36728
1.49,1.14653
1.491,1.11491
1.492,0.889693
1.493,0.624729
1.494,0.348231
1.495,0.0966038
1.496,-0.116143
1.497,-0.495578
1.498,-0.828794
1.499,-1.10544
1.5,-1.36497
1.501,-1.68852
1.502,-1.95721
1.503,-2.22359
1.504,-2.49569
1.505,-2.6136
1.506,-2.80465
1.507,-2.91798
1.508,-3.08299
1.509,-3.0764
1.51,-3.06068
1.511,-3.02634
1.512,-2.97739
1.513,-2.85886
1.514,-2.66125
1.515,-2.39378
1.516,-2.15081
1.517,-1.82967
1.518,-1.50156
1.519,-1.10166
1.52,-0.725199
1.521,-0.286689
1.522,0.114561
1.523,0.543438
1.524,0.997615
1.525,1.44485
1.526,1.85738
1.527,2.30081
1.528,2.67965
1.529,3.0168
1.53,3.36518
1.531,3.65692
1.532,3.91507
1.533,4.1088
1.534,4.21961
1.535,4.34636
1.536,4.38745
1.537,4.31787
1.538,4.21303
1.539,4.09516
1.54,3.94499
1.541,3.70146
1.542,3.34411
1.543,2.98251
1.544,2.61809
1.545,2.17152
1.546,1.69451
1.547,1.19713
1.548,0.66318
1.549,0.108959
1.55,-0.388799
1.551,-0.982209
1.552,-1.50196
1.553,-2.012
1.554,-2.49393
1.555,-2.95917
1.556,-3.38789
1.557,-3.7933
1.558,-4.14896
1.559,-4.42574
1.56,-4.67378
1.561,-4.82032
1.562,-4.92918
1.563,-4.97973
1.564,-4.97763
1.565,-4.91654
1.566,-4.65745
1.567,-4.52432
1.568,-4.19691
1.569,-3.94228
1.57,-3.5954
1.571,-3.24981
1.572,-2.65862
1.573,-2.22008
1.574,-1.68032
1.575,-1.15915
1.576,-0.57631
1.577,-0.0122372
1.578,0.58148
1.579,1.04584
1.58,1.67869
1.581,2.14066
1.582,2.6155
1.583,2.97441
1.584,3.43542
1.585,3.80413
1.586,4.09603
1.587,4.31964
1.588,4.53672
1.589,4.60798
1.59,4.6701
1.591,4.70568
1.592,4.59364
1.593,4.47714
1.594,4.28482
1.595,4.11065
1.596,3.84838
1.597,3.48361
1.598,3.06555
1.599,2.67882
1.6,2.28864
1.601,1.80732
1.602,1.30777
1.603,0.863651
1.604,0.29166
1.605,-0.155923
1.606,-0.619662
1.607,-1.09422
1.608,-1.47476
1.609,-1.91644
1.61,-2.31091
1.611,-2.64722
1.612,-2.94993
1.613,-3.18808
1.614,-3.32714
1.615,-3.49732
1.616,-3.59798
1.617,-3.69776
1.618,-3.59539
1.619,-3.60428
1.62,-3.40849
1.621,-3.22375
1.622,-3.04455
1.623,-2.81282
1.624,-2.58588
1.625,-2.3088
1.626,-2.01313
1.627,-1.60969
1.628,-1.28864
1.629,-0.90452
1.63,-0.566706
1.631,-0.218484
1.632,0.135862
1.633,0.421215
1.634,0.732651
1.635,1.06147
1.636,1.28877
1.637,1.47244
1.638,1.62628
1.639,1.85702
1.64,1.91907
1.641,2.06955
1.642,2.06641
1.643,2.14354
1.644,2.09204
1.645,2.08724
1.646,1.87517
1.647,1.79231
1.648,1.63943
1.649,1.52374
1.65,1.22571
1.651,1.08052
1.652,0.870399
1.653,0.620312
1.654,0.312633
1.655,0.154981
1.656,-0.0512342
1.657,-0.300595
1.658,-0.465182
1.659,-0.615712
1.66,-0.727302
1.661,-0.823773
1.662,-0.982014
1.663,-0.987415
1.664,-1.04997
1.665,-1.08634
1.666,-1.01282
1.667,-0.931332
1.668,-0.864391
1.669,-0.713815
1.67,-0.622499
1.671,-0.471999
1.672,-0.269101
1.673,-0.145957
1.674,0.0977835
1.675,0.270518
1.676,0.500789
1.677,0.638813
1.678,0.797504
1.679,1.05238
1.68,1.16972
1.681,1.29599
1.682,1.43375
1.683,1.48772
1.684,1.54766
1.685,1.53062
1.686,1.58458
1.687,1.53596
1.688,1.46494
1.689,1.42475
1.69,1.20436
1.691,1.0396
1.692,0.77086
1.693,0.633508
1.694,0.331172
1.695,0.093168
1.696,-0.242771
1.697,-0.475144
1.698,-0.731536
1.699,-1.08654
1.7,-1.40943
1.701,-1.6808
1.702,-1.97632
1.703,-2.22481
1.704,-2.47043
1.705,-2.62262
1.706,-2.72125
1.707,-2.91214
1.708,-2.99193
1.709,-3.05256
1.71,-3.03491
1.711,-3.01783
1.712,-2.99832
1.713,-2.80122
1.714,-2.60809
1.715,-2.42158
1.716,-2.16142
1.717,-1.83999
1.718,-1.49443
1.719,-1.17575
1.72,-0.806725
1.721,-0.303192
1.722,0.0830723
1.723,0.540708
1.724,0.971646
1.725,1.48873
1.726,1.87052
1.727,2.30759
1.728,2.73342
1.729,3.01723
1.73,3.37864
1.731,3.65094
1.732,3.96719
1.733,4.06449
1.734,4.33586
1.735,4.41405
1.736,4.37705
1.737,4.3926
1.738,4.24423
1.739,4.11121
1.74,3.93763
1.741,3.69927
1.742,3.34307
1.743,3.02597
1.744,2.63559
1.745,2.17661
1.746,1.69935
1.747,1.16577
1.748,0.652237
1.749,0.17792
1.75,-0.401703
1.751,-0.925252
1.752,-1.49084
1.753,-1.97844
1.754,-2.40372
1.755,-2.93934
1.756,-3.37179
1.757,-3.83592
1.758,-4.14844
1.759,-4.45544
1.76,-4.66235
1.761,-4.82613
1.762,-4.90326
1.763,-4.97269
1.764,-4.93442
1.765,-4.87282
1.766,-4.75752
1.767,-4.57175
1.768,-4.2298
1.769,-4.02618
1.77,-3.52848
1.771,-3.12101
1.772,-2.71229
1.773,-2.25342
1.774,-1.63658
1.775,-1.19254
1.776,-0.549064
1.777,0.0243087
1.778,0.548559
1.779,1.12175
1.78,1.59202
1.781,2.14306
1.782,2.63766
1.783,3.04434
1.784,3.38941
1.785,3.86199
1.786,4.14905
1.787,4.34826
1.788,4.49904
1.789,4.62156
1.79,4.68995
1.791,4.72883
1.792,4.69442
1.793,4.49663
1.794,4.34046
1.795,4.04865
1.796,3.808
1.797,3.44484
1.798,3.11966
1.799,2.69787
1.8,2.24205
1.801,1.81822
1.802,1.31533
1.803,0.807806
1.804,0.281153
1.805,-0.14636
1.806,-0.600661
1.807,-1.12832
1.808,-1.56525
1.809,-1.90431
1.81,-2.31287
1.811,-2.62679
1.812,-2.87321
1.813,-3.14741
1.814,-3.32559
1.815,-3.49784
1.816,-3.58265
1.817,-3.5973
1.818,-3.653
1.819,-3.52517
1.82,-3.45772
1.821,-3.24953
1.822,-3.10534
1.823,-2.85583
1.824,-2.50704
1.825,-2.32836
1.826,-2.02897
1.827,-1.65642
1.828,-1.27919
1.829,-0.914946
1.83,-0.586875
1.831,-0.217886
1.832,0.147697
1.833,0.384541
1.834,0.715783
1.835,1.02143
1.836,1.25808
1.837,1.53826
1.838,1.72907
1.839,1.8156
1.84,1.98991
1.841,2.09155
1.842,2.09034
1.843,2.12078
1.844,2.05076
1.845,1.97942
1.846,1.91485
1.847,1.78742
1.848,1.61643
1.849,1.43915
1.85,1.23071
1.851,0.980618
1.852,0.842145
1.853,0.62451
1.854,0.331056
1.855,0.202651
1.856,-0.0167531
1.857,-0.274809
1.858,-0.407914
1.859,-0.595672
1.86,-0.746816
1.861,-0.816245
1.862,-0.918503
1.863,-1.01925
1.864,-1.02568
1.865,-1.03471
1.866,-1.00926
1.867,-0.943442
1.868,-0.810568
1.869,-0.751968
1.87,-0.624912
1.871,-0.499305
1.872,-0.244981
1.873,-0.117437
1.874,0.0583779
1.875,0.299242
1.876,0.466609
1.877,0.657332
1.878,0.853706
1.879,1.02888
1.88,1.19209
1.881,1.36266
1.882,1.47481
1.883,1.45683
1.884,1.53311
1.885,1.53374
1.886,1.57999
1.887,1.50312
1.888,1.49435
1.889,1.35586
1.89,1.24721
1.891,1.02836
1.892,0.830389
1.893,0.58904
1.894,0.332234
1.895,0.138936
1.896,-0.190651
1.897,-0.50562
1.898,-0.829363
1.899,-1.08468
1.9,-1.3921
1.901,-1.69499
1.902,-2.00869
1.903,-2.23329
1.904,-2.40914
1.905,-2.63033
1.906,-2.88236
1.907,-2.9342
1.908,-3.05477
1.909,-3.11028
1.91,-3.09296
1.911,-3.09204
1.912,-2.98671
1.913,-2.79589
1.914,-2.68714
1.915,-2.41665
1.916,-2.15693
1.917,-1.83411
1.918,-1.45332
1.919,-1.14052
1.92,-0.784883
1.921,-0.303186
1.922,0.122607
1.923,0.616374
1.924,1.01985
1.925,1.46224
1.926,1.86193
1.927,2.32936
1.928,2.68427
1.929,3.08223
1.93,3.41122
1.931,3.63664
1.932,3.88165
1.933,4.11344
1.934,4.27424
1.935,4.35596
1.936,4.35193
1.937,4.38559
1.938,4.31057
1.939,4.12448
1.94,3.93595
1.941,3.68758
1.942,3.3829
1.943,3.00654
1.944,2.62431
1.945,2.16234
1.946,1.69396
1.947,1.2655
1.948,0.712443
1.949,0.149918
1.95,-0.448506
1.951,-1.01304
1.952,-1.50286
1.953,-2.0254
1.954,-2.52525
1.955,-2.98012
1.956,-3.47014
1.957,-3.81123
1.958,-4.09962
1.959,-4.44376
1.96,-4.63615
1.961,-4.8526
1.962,-4.97544
1.963,-5.00127
1.964,-4.95177
1.965,-4.88248
1.966,-4.66097
1.967,-4.52834
1.968,-4.22637
1.969,-3.96024
1.97,-3.5694
1.971,-3.11838
1.972,-2.6981
1.973,-2.17295
1.974,-1.66076
1.975,-1.10037
1.976,-0.58355
1.977,0.0419489
1.978,0.543592
1.979,1.10963
1.98,1.61556
1.981,2.14733
1.982,2.58518
1.983,3.04167
1.984,3.49939
1.985,3.78289
1.986,4.11633
1.987,4.42094
1.988,4.51895
1.989,4.60243
1.99,4.71713
1.991,4.67584
1.992,4.64049
1.993,4.51656
1.994,4.2975
1.995,4.08004
1.996,3.82528
1.997,3.47769
1.998,3.04737
1.999,2.71437
2,2.27819
2.001,1.79489
2.002,1.38852
2.003,0.820216
2.004,0.298929
2.005,-0.19121
2.006,-0.568613
2.007,-1.09839
2.008,-1.52733
2.009,-1.92594
2.01,-2.29365
2.011,-2.62323
2.012,-2.96652
2.013,-3.09962
2.014,-3.35876
2.015,-3.45435
2.016,-3.63004
2.017,-3.59491
2.018,-3.70415
2.019,-3.52955
2.02,-3.41787
2.021,-3.23635
2.022,-3.12462
2.023,-2.81721
2.024,-2.54941
2.025,-2.29897
2.026,-1.99672
2.027,-1.59877
2.028,-1.28808
2.029,-0.927385
2.03,-0.57406
2.031,-0.241642
2.032,0.0897782
2.033,0.413737
2.034,0.715782
2.035,1.07041
2.036,1.35337
2.037,1.55072
2.038,1.64986
2.039,1.83668
2.04,1.94185
2.041,2.03018
2.042,2.06138
2.043,2.06466
2.044,2.05533
2.045,1.99943
2.046,1.93086
2.047,1.79755
2.048,1.58768
2.049,1.48753
2.05,1.25657
2.051,1.04583
2.052,0.828794
2.053,0.575416
2.054,0.381283
2.055,0.166814
2.056,-0.0702557
2.057,-0.266952
2.058,-0.424709
2.059,-0.544825
2.06,-0.745186
2.061,-0.869234
2.062,-0.91714
2.063,-0.94317
2.064,-1.06923
2.065,-1.04383
2.066,-1.03181
2.067,-1.0303
2.068,-0.897512
2.069,-0.767987
2.07,-0.594588
2.071,-0.47679
2.072,-0.30531
2.073,-0.0966832
2.074,0.0981347
2.075,0.242629
2.076,0.460044
2.077,0.644313
2.078,0.854922
2.079,1.05104
2.08,1.13039
2.081,1.32229
2.082,1.46467
2.083,1.50131
2.084,1.55959
2.085,1.57745
2.086,1.58467
2.087,1.58752
2.088,1.48556
2.089,1.37825
2.09,1.2099
2.091,1.00005
2.092,0.855702
2.093,0.643603
2.094,0.402527
2.095,0.0912274
2.096,-0.163667
2.097,-0.545357
2.098,-0.76229
2.099,-1.10339
2.1,-1.32951
2.101,-1.69114
2.102,-1.9844
2.103,-2.17426
2.104,-2.46526
2.105,-2.63817
2.106,-2.75797
2.107,-2.92256
2.108,-3.03648
2.109,-3.05355
2.11,-3.11565
2.111,-3.04289
2.112,-2.88932
2.113,-2.87602
2.114,-2.68473
2.115,-2.36823
2.116,-2.14148
2.117,-1.86765
2.118,-1.49797
2.119,-1.11743
2.12,-0.760828
2.121,-0.304233
2.122,0.18421
2.123,0.569011
2.124,0.990048
2.125,1.4624
2.126,1.86448
2.127,2.29609
2.128,2.71525
2.129,3.07287
2.13,3.36877
2.131,3.70542
2.132,3.9219
2.133,4.16459
2.134,4.26014
2.135,4.39055
2.136,4.38902
2.137,4.3186
2.138,4.21778
2.139,4.15666
2.14,3.94367
2.141,3.64371
2.142,3.41026
2.143,3.04587
2.144,2.64355
2.145,2.18457
2.146,1.66206
2.147,1.19006
2.148,0.662825
2.149,0.108072
2.15,-0.412771
2.151,-0.950228
2.152,-1.49773
2.153,-2.02357
2.154,-2.51765
2.155,-2.96047
2.156,-3.36675
2.157,-3.82377
2.158,-4.14548
2.159,-4.42522
2.16,-4.6932
2.161,-4.81067
2.162,-4.97174
2.163,-4.99226
2.164,-4.95657
2.165,-4.88518
2.166,-4.73615
2.167,-4.47554
2.168,-4.29666
2.169,-3.90908
2.17,-3.53143
2.171,-3.08088
2.172,-2.70424
2.173,-2.19036
2.174,-1.73358
2.175,-1.13991
2.176,-0.568716
2.177,-0.0452378
2.178,0.543015
2.179,1.13579
2.18,1.63087
2.181,2.17031
2.182,2.6478
2.183,3.05033
2.184,3.45338
2.185,3.82724
2.186,4.06856
2.187,4.35462
2.188,4.53383
2.189,4.58656
2.19,4.69353
2.191,4.71831
2.192,4.68161
2.193,4.55863
2.194,4.34539
2.195,4.0505
2.196,3.79169
2.197,3.4791
2.198,3.08969
2.199,2.66892
2.2,2.29773
2.201,1.7746
2.202,1.33971
2.203,0.865673
2.204,0.322702
2.205,-0.175278
2.206,-0.656099
2.207,-1.10714
2.208,-1.52887
2.209,-1.94132
2.21,-2.30278
2.211,-2.6414
2.212,-2.93218
2.213,-3.16054
2.214,-3.39795
2.215,-3.56476
2.216,-3.58991
2.217,-3.62236
2.218,-3.64327
2.219,-3.5915
2.22,-3.4683
2.221,-3.28524
2.222,-3.15519
2.223,-2.89043
2.224,-2.637
2.225,-2.28479
2.226,-1.98192
2.227,-1.65934
2.228,-1.2766
2.229,-0.970748
2.23,-0.573081
2.231,-0.218667
2.232,0.0854692
2.233,0.440839
2.234,0.805643
2.235,1.02605
2.236,1.27151
2.237,1.478
2.238,1.6831
2.239,1.876
2.24,1.99106
2.241,2.05236
2.242,2.10285
2.243,2.11271
2.244,2.10089
2.245,1.92932
2.246,1.90409
2.247,1.75232
2.248,1.62351
2.249,1.44359
2.25,1.28306
2.251,1.09434
2.252,0.777786
2.253,0.593648
2.254,0.378047
2.255,0.162783
2.256,-0.0367835
2.257,-0.240712
2.258,-0.428101
2.259,-0.600043
2.26,-0.732173
2.261,-0.890031
2.262,-0.921187
2.263,-1.01
2.264,-1.0613
2.265,-1.09451
2.266,-1.00677
2.267,-0.957558
2.268,-0.858601
2.269,-0.76444
2.27,-0.584992
2.271,-0.485389
2.272,-0.301851
2.273,-0.102244
2.274,0.0819473
2.275,0.214167
2.276,0.52721
2.277,0.69962
2.278,0.850572
2.279,1.03039
2.28,1.16098
2.281,1.36206
2.282,1.4292
2.283,1.59088
2.284,1.56596
2.285,1.63278
2.286,1.56231
2.287,1.51343
2.288,1.47884
2.289,1.37248
2.29,1.22822
2.291,1.06636
2.292,0.815906
2.293,0.559775
2.294,0.405433
2.295,0.042137
2.296,-0.217602
2.297,-0.496163
2.298,-0.792499
2.299,-1.07144
2.3,-1.38237
2.301,-1.71076
2.302,-1.98829
2.303,-2.23881
2.304,-2.46337
2.305,-2.65503
2.306,-2.80912
2.307,-2.94403
2.308,-3.07416
2.309,-3.11572
2.31,-3.09466
2.311,-3.04957
2.312,-2.92443
2.313,-2.83351
2.314,-2.699
2.315,-2.3949
2.316,-2.18355
2.317,-1.82797
2.318,-1.54601
2.319,-1.09475
2.32,-0.693086
2.321,-0.237431
2.322,0.184724
2.323,0.607758
2.324,1.01665
2.325,1.46149
2.326,1.88954
2.327,2.29882
2.328,2.66285
2.329,3.06288
2.33,3.41706
2.331,3.67245
2.332,3.96573
2.333,4.09503
2.334,4.29965
2.335,4.35721
2.336,4.3912
2.337,4.34379
2.338,4.25345
2.339,4.10153
2.34,3.96549
2.341,3.64993
2.342,3.35587
2.343,2.97832
2.344,2.65816
2.345,2.18874
2.346,1.71204
2.347,1.21874
2.348,0.695586
2.349,0.112687
2.35,-0.473252
2.351,-0.884454
2.352,-1.52552
2.353,-1.99703
2.354,-2.51673
2.355,-2.94138
2.356,-3.40203
2.357,-3.81607
2.358,-4.13384
2.359,-4.37841
2.36,-4.64074
2.361,-4.81625
2.362,-4.95692
2.363,-5.0281
2.364,-4.98775
2.365,-4.86662
2.366,-4.73506
2.367,-4.52779
2.368,-4.28514
2.369,-3.96527
2.37,-3.58077
2.371,-3.15309
2.372,-2.68864
2.373,-2.15582
2.374,-1.64512
2.375,-1.10023
2.376,-0.54584
2.377,0.0215966
2.378,0.493778
2.379,1.11036
2.38,1.58932
2.381,2.15738
2.382,2.63872
2.383,3.03314
2.384,3.40295
2.385,3.80359
2.386,4.07872
2.387,4.36719
2.388,4.49821
2.389,4.6004
2.39,4.68604
2.391,4.71753
2.392,4.70314
2.393,4.53731
2.394,4.34684
2.395,4.07745
2.396,3.82587
2.397,3.45472
2.398,3.10391
2.399,2.70797
2.4,2.27585
2.401,1.78789
2.402,1.28245
2.403,0.858989
2.404,0.294827
2.405,-0.194818
2.406,-0.648644
2.407,-1.08683
2.408,-1.51991
2.409,-1.91331
2.41,-2.31173
2.411,-2.64501
2.412,-2.95556
2.413,-3.10942
2.414,-3.30644
2.415,-3.51986
2.416,-3.57861
2.417,-3.68724
2.418,-3.63152
2.419,-3.55747
2.42,-3.42633
2.421,-3.31629
2.422,-3.10584
2.423,-2.84216
2.424,-2.58913
2.425,-2.2795
2.426,-1.93325
2.427,-1.68492
2.428,-1.34593
2.429,-0.895225
2.43,-0.56065
2.431,-0.283772
2.432,0.0978823
2.433,0.40132
2.434,0.710961
2.435,1.00518
2.436,1.31725
2.437,1.52636
2.438,1.73944
2.439,1.85879
2.44,2.00184
2.441,2.08617
2.442,2.07595
2.443,2.1102
2.444,2.0054
2.445,2.01443
2.446,1.95377
2.447,1.71402
2.448,1.68764
2.449,1.46246
2.45,1.3023
2.451,1.02389
2.452,0.846882
2.453,0.596275
2.454,0.39747
2.455,0.166758
2.456,-0.0202482
2.457,-0.233484
2.458,-0.41515
2.459,-0.595476
2.46,-0.760387
2.461,-0.813904
2.462,-0.950577
2.463,-0.997829
2.464,-1.077
2.465,-0.975728
2.466,-0.984442
2.467,-1.02228
2.468,-0.827723
2.469,-0.753691
2.47,-0.530506
2.471,-0.428094
2.472,-0.285492
2.473,-0.0885069
2.474,0.041531
2.475,0.269781
2.476,0.496609
2.477,0.66557
2.478,0.79423
2.479,0.993652
2.48,1.2081
2.481,1.29374
2.482,1.44233
2.483,1.51279
2.484,1.54254
2.485,1.5894
2.486,1.59874
2.487,1.60109
2.488,1.48557
2.489,1.36871
2.49,1.1655
2.491,1.01699
2.492,0.843304
2.493,0.600849
2.494,0.337806
2.495,0.107778
2.496,-0.152111
2.497,-0.461975
2.498,-0.811483
2.499,-1.03292
2.5,-1.39902
2.501,-1.68966
2.502,-1.95183
2.503,-2.23422
2.504,-2.46512
2.505,-2.65208
2.506,-2.83132
2.507,-2.96789
2.508,-3.03948
2.509,-3.08081
2.51,-3.03928
2.511,-3.05244
2.512,-3.02026
2.513,-2.84423
2.514,-2.6865
2.515,-2.43263
2.516,-2.10166
2.517,-1.83015
2.518,-1.5362
2.519,-1.14949
2.52,-0.712787
2.521,-0.313923
2.522,0.0855273
2.523,0.61329
2.524,1.00585
2.525,1.49354
2.526,1.928
2.527,2.30636
2.528,2.68843
2.529,3.04951
2.53,3.38871
2.531,3.69677
2.532,3.92401
2.533,4.12172
2.534,4.23321
2.535,4.31736
2.536,4.37471
2.537,4.35009
2.538,4.20623
2.539,4.11102
2.54,3.88393
2.541,3.66956
2.542,3.42534
2.543,3.03305
2.544,2.63804
2.545,2.19471
2.546,1.72509
2.547,1.19738
2.548,0.685612
2.549,0.179045
2.55,-0.399164
2.551,-0.92389
2.552,-1.50801
2.553,-1.99717
2.554,-2.5393
2.555,-2.93626
2.556,-3.41404
2.557,-3.77183
2.558,-4.11697
2.559,-4.37925
2.56,-4.59695
2.561,-4.76243
2.562,-4.92808
2.563,-5.01878
2.564,-4.97774
2.565,-4.84506
2.566,-4.67597
2.567,-4.55346
2.568,-4.24127
2.569,-3.93791
2.57,-3.5004
2.571,-3.13769
2.572,-2.68206
2.573,-2.22092
2.574,-1.65957
2.575,-1.12174
2.576,-0.565889
2.577,0.0315603
2.578,0.590147
2.579,1.06756
2.58,1.65429
2.581,2.1242
2.582,2.58738
2.583,3.01871
2.584,3.42008
2.585,3.84135
2.586,4.12686
2.587,4.31864
2.588,4.57546
2.589,4.61721
2.59,4.68818
2.591,4.65886
2.592,4.60455
2.593,4.51389
2.594,4.32836
2.595,4.08686
2.596,3.78227
2.597,3.51149
2.598,3.14131
2.599,2.75357
2.6,2.22545
2.601,1.77095
2.602,1.33368
2.603,0.83614
2.604,0.284577
2.605,-0.190087
2.606,-0.658561
2.607,-1.08648
2.608,-1.56832
2.609,-1.93176
2.61,-2.26815
2.611,-2.65602
2.612,-2.92508
2.613,-3.16058
2.614,-3.31284
2.615,-3.46983
2.616,-3.60515
2.617,-3.60683
2.618,-3.62213
2.619,-3.56479
2.62,-3.43963
2.621,-3.34316
2.622,-3.04974
2.623,-2.86708
2.624,-2.58869
2.625,-2.27723
2.626,-2.0039
2.627,-1.65394
2.628,-1.29416
2.629,-0.948801
2.63,-0.598006
2.631,-0.230418
2.632,0.124543
2.633,0.415036
2.634,0.733417
2.635,1.00885
2.636,1.2995
2.637,1.57448
2.638,1.78885
2.639,1.88145
2.64,1.90625
2.641,2.06688
2.642,2.07431
2.643,2.06832
2.644,2.01829
2.645,2.00334
2.646,1.84993
2.647,1.81009
2.648,1.58635
2.649,1.49935
2.65,1.26248
2.651,1.03516
2.652,0.870314
2.653,0.65057
2.654,0.40426
2.655,0.150443
2.656,-0.0733225
2.657,-0.186913
2.658,-0.41689
2.659,-0.630019
2.66,-0.817943
2.661,-0.871074
2.662,-0.937313
2.663,-1.02787
2.664,-1.01336
2.665,-1.0004
2.666,-0.985638
2.667,-0.939419
2.668,-0.858577
2.669,-0.71169
2.67,-0.555801
2.671,-0.44409
2.672,-0.297854
2.673,-0.0933896
2.674,0.0968841
2.675,0.314773
2.676,0.508732
2.677,0.601497
2.678,0.910834
2.679,0.954665
2.68,1.11359
2.681,1.30634
2.682,1.4153
2.683,1.49871
2.684,1.55231
2.685,1.55724
2.686,1.56962
2.687,1.52787
2.688,1.47506
2.689,1.40298
2.69,1.22357
2.691,1.10304
2.692,0.849488
2.693,0.604956
2.694,0.328364
2.695,0.176861
2.696,-0.25151
2.697,-0.504679
2.698,-0.841373
2.699,-1.08001
2.7,-1.38982
2.701,-1.67222
2.702,-1.91815
2.703,-2.24834
2.704,-2.40486
2.705,-2.64114
2.706,-2.85162
2.707,-2.96747
2.708,-3.11851
2.709,-3.04342
2.71,-3.07661
2.711,-3.0549
2.712,-2.96811
2.713,-2.84831
2.714,-2.60253
2.715,-2.41215
2.716,-2.16732
2.717,-1.90088
2.718,-1.49335
2.719,-1.18774
2.72,-0.747812
2.721,-0.255651
2.722,0.0817552
2.723,0.515801
2.724,1.06837
2.725,1.51739
2.726,1.92303
2.727,2.23203
2.728,2.69135
2.729,3.09072
2.73,3.33102
2.731,3.7431
2.732,3.93573
2.733,4.17037
2.734,4.2474
2.735,4.38844
2.736,4.38054
2.737,4.34994
2.738,4.27189
2.739,4.14564
2.74,3.96619
2.741,3.6981
2.742,3.37713
2.743,3.00069
2.744,2.631
2.745,2.17926
2.746,1.72217
2.747,1.18098
2.748,0.719201
2.749,0.138085
2.75,-0.413554
2.751,-0.949937
2.752,-1.47829
2.753,-2.0203
2.754,-2.51156
2.755,-2.97542
2.756,-3.37695
2.757,-3.78671
2.758,-4.09265
2.759,-4.37256
2.76,-4.66533
2.761,-4.88071
2.762,-4.88752
2.763,-5.00413
2.764,-5.02862
2.765,-4.8725
2.766,-4.76932
2.767,-4.52964
2.768,-4.27625
2.769,-3.92092
2.77,-3.5564
2.771,-3.16298
2.772,-2.66234
2.773,-2.16796
2.774,-1.7093
2.775,-1.16794
2.776,-0.598476
2.777,0.00313829
2.778,0.528209
2.779,1.12846
2.78,1.64845
2.781,2.14436
2.782,2.61502
2.783,3.07022
2.784,3.4305
2.785,3.86526
2.786,4.02399
2.787,4.37931
2.788,4.47274
2.789,4.65331
2.79,4.68469
2.791,4.66544
2.792,4.64467
2.793,4.51445
2.794,4.3001
2.795,4.0694
2.796,3.8342
2.797,3.46691
2.798,3.15458
2.799,2.62886
2.8,2.26465
2.801,1.74405
2.802,1.24959
2.803,0.791188
2.804,0.340131
2.805,-0.107335
2.806,-0.668332
2.807,-1.11173
2.808,-1.49066
2.809,-1.90801
2.81,-2.28837
2.811,-2.61617
2.812,-2.90159
2.813,-3.15112
2.814,-3.3773
2.815,-3.45753
2.816,-3.55588
2.817,-3.61301
2.818,-3.62823
2.819,-3.57939
2.82,-3.50963
2.821,-3.28372
2.822,-3.15549
2.823,-2.86982
2.824,-2.56934
2.825,-2.30209
2.826,-1.98714
2.827,-1.62762
2.828,-1.2802
2.829,-0.891396
2.83,-0.559152
2.831,-0.261036
2.832,0.0920787
2.833,0.448031
2.834,0.791074
2.835,1.05167
2.836,1.26306
2.837,1.53534
2.838,1.66891
2.839,1.89553
2.84,2.02723
2.841,2.05408
2.842,2.07166
2.843,2.07043
2.844,2.05334
2.845,1.97329
2.846,1.88951
2.847,1.74992
2.848,1.64508
2.849,1.49355
2.85,1.26704
2.851,1.05694
2.852,0.870919
2.853,0.569047
2.854,0.364733
2.855,0.207043
2.856,-0.0584846
2.857,-0.26691
2.858,-0.344181
2.859,-0.621756
2.86,-0.718627
2.861,-0.843299
2.862,-0.941861
2.863,-0.983805
2.864,-1.03039
2.865,-1.04056
2.866,-0.989666
2.867,-0.945624
2.868,-0.805217
2.869,-0.685339
2.87,-0.667963
2.871,-0.424694
2.872,-0.265254
2.873,-0.0841607
2.874,0.0460545
2.875,0.249959
2.876,0.496374
2.877,0.598321
2.878,0.8759
2.879,1.02684
2.88,1.18729
2.881,1.32097
2.882,1.46205
2.883,1.52278
2.884,1.57436
2.885,1.55273
2.886,1.54908
2.887,1.54285
2.888,1.47589
2.889,1.39253
2.89,1.23667
2.891,0.969107
2.892,0.804355
2.893,0.51132
2.894,0.383937
2.895,0.0554968
2.896,-0.18459
2.897,-0.459995
2.898,-0.793465
2.899,-1.07901
2.9,-1.41603
2.901,-1.65182
2.902,-1.98266
2.903,-2.25589
2.904,-2.4333
2.905,-2.59354
2.906,-2.8843
2.907,-2.9078
2.908,-3.0373
2.909,-3.04155
2.91,-3.13643
2.911,-3.12093
2.912,-2.9597
2.913,-2.81356
2.914,-2.61993
2.915,-2.39569
2.916,-2.13336
2.917,-1.87579
2.918,-1.51214
2.919,-1.1293
2.92,-0.718108
2.921,-0.250978
2.922,0.148359
2.923,0.534389
2.924,1.02662
2.925,1.47586
2.926,1.86706
2.927,2.31432
2.928,2.74237
2.929,3.04068
2.93,3.38064
2.931,3.69507
2.932,3.93196
2.933,4.10556
2.934,4.19365
2.935,4.35049
2.936,4.39704
2.937,4.38469
2.938,4.31154
2.939,4.1701
2.94,3.91606
2.941,3.65542
2.942,3.32621
2.943,3.05006
2.944,2.61204
2.945,2.16736
2.946,1.71824
2.947,1.19815
2.948,0.689458
2.949,0.168503
2.95,-0.417629
2.951,-0.951754
2.952,-1.52284
2.953,-2.06252
2.954,-2.51127
2.955,-2.96698
2.956,-3.38376
2.957,-3.76357
2.958,-4.1329
2.959,-4.46363
2.96,-4.62545
2.961,-4.83031
2.962,-5.00343
2.963,-4.94824
2.964,-5.00296
2.965,-4.90458
2.966,-4.77413
2.967,-4.54715
2.968,-4.29985
2.969,-3.98091
2.97,-3.56359
2.971,-3.09454
2.972,-2.71844
2.973,-2.13238
2.974,-1.66166
2.975,-1.10297
2.976,-0.535661
2.977,0.00359005
2.978,0.579311
2.979,1.11245
2.98,1.68732
2.981,2.12082
2.982,2.60718
2.983,3.03194
2.984,3.44865
2.985,3.84204
2.986,4.00282
2.987,4.30501
2.988,4.54551
2.989,4.64638
2.99,4.69887
2.991,4.76113
2.992,4.65563
2.993,4.52146
2.994,4.29911
2.995,4.10081
2.996,3.81028
2.997,3.48594
2.998,3.12151
2.999,2.66151
3,2.24674
3.001,1.77396
3.002,1.29789
3.003,0.817934
3.004,0.231795
3.005,-0.132366
3.006,-0.632356
3.007,-1.04656
3.008,-1.536
3.009,-1.94077
3.01,-2.32875
3.011,-2.61954
3.012,-2.94516
3.013,-3.09518
3.014,-3.31281
3.015,-3.50022
3.016,-3.5749
3.017,-3.63637
3.018,-3.56981
3.019,-3.56961
3.02,-3.44373
3.021,-3.30007
3.022,-3.09473
3.023,-2.84765
3.024,-2.61924
3.025,-2.31315
3.026,-1.99267
3.027,-1.6729
3.028,-1.23987
3.029,-0.928063
3.03,-0.58376
3.031,-0.235956
3.032,0.105191
3.033,0.48501
3.034,0.745016
3.035,1.0309
3.036,1.28134
3.037,1.53763
3.038,1.66638
3.039,1.82578
3.04,1.95467
3.041,2.13422
3.042,2.10594
3.043,2.07573
3.044,2.05332
3.045,2.02158
3.046,1.87093
3.047,1.78062
3.048,1.64862
3.049,1.46117
3.05,1.23729
3.051,1.04177
3.052,0.774993
3.053,0.613013
3.054,0.435825
3.055,0.159493
3.056,-0.0484375
3.057,-0.220434
3.058,-0.381154
3.059,-0.523007
3.06,-0.692953
3.061,-0.821568
3.062,-0.894204
3.063,-1.00024
3.064,-1.05139
3.065,-1.02742
3.066,-1.00799
3.067,-0.913034
3.068,-0.86678
3.069,-0.721081
3.07,-0.614076
3.071,-0.446407
3.072,-0.321027
3.073,-0.130815
3.074,0.0866715
3.075,0.31456
3.076,0.478426
3.077,0.661287
3.078,0.935708
3.079,0.969386
3.08,1.14968
3.081,1.2967
3.082,1.42439
3.083,1.5329
3.084,1.55976
3.085,1.57083
3.086,1.62792
3.087,1.55695
3.088,1.54545
3.089,1.39681
3.09,1.2086
3.091,1.0722
3.092,0.828727
3.093,0.607449
3.094,0.332101
3.095,0.106354
3.096,-0.220754
3.097,-0.474463
3.098,-0.778233
3.099,-1.0941
3.1,-1.41441
3.101,-1.76663
3.102,-1.9753
3.103,-2.22881
3.104,-2.51267
3.105,-2.64335
3.106,-2.83906
3.107,-2.86122
3.108,-3.01471
3.109,-3.0884
3.11,-3.08551
3.111,-3.08635
3.112,-2.99038
3.113,-2.83899
3.114,-2.63385
3.115,-2.40503
3.116,-2.1484
3.117,-1.86814
3.118,-1.55331
3.119,-1.13981
3.12,-0.796908
3.121,-0.342021
3.122,0.10025
3.123,0.592403
3.124,0.980665
3.125,1.45015
3.126,1.87567
3.127,2.3079
3.128,2.72181
3.129,3.06379
3.13,3.36964
3.131,3.70901
3.132,3.95083
3.133,4.08664
3.134,4.27027
3.135,4.36446
3.136,4.3862
3.137,4.39776
3.138,4.26528
3.139,4.11977
3.14,3.98015
3.141,3.65794
3.142,3.39405
3.143,3.01273
3.144,2.60285
3.145,2.15616
3.146,1.73033
3.147,1.22461
3.148,0.626492
3.149,0.154045
3.15,-0.386007
3.151,-0.933614
3.152,-1.50035
3.153,-2.01237
3.154,-2.52886
3.155,-2.96354
3.156,-3.38392
3.157,-3.75837
3.158,-4.12332
3.159,-4.38545
3.16,-4.69318
3.161,-4.85897
3.162,-4.91616
3.163,-4.98296
3.164,-4.96456
3.165,-4.91597
3.166,-4.76117
3.167,-4.50549
3.168,-4.26858
3.169,-3.95698
3.17,-3.61183
3.171,-3.13022
3.172,-2.71864
3.173,-2.21022
3.174,-1.64808
3.175,-1.10045
3.176,-0.559993
3.177,-0.0212903
3.178,0.541709
3.179,1.09943
3.18,1.62657
3.181,2.08868
3.182,2.62375
3.183,3.10387
3.184,3.37675
3.185,3.86521
3.186,4.14862
3.187,4.35779
3.188,4.55178
3.189,4.61307
3.19,4.65203
3.191,4.70611
3.192,4.65558
3.193,4.54342
3.194,4.31687
3.195,4.09926
3.196,3.78622
3.197,3.4269
3.198,3.04521
3.199,2.63116
3.2,2.25216
3.201,1.74826
3.202,1.30662
3.203,0.820067
3.204,0.390876
3.205,-0.168283
3.206,-0.663009
3.207,-1.07115
3.208,-1.49736
3.209,-1.93873
3.21,-2.33902
3.211,-2.61046
3.212,-2.9623
3.213,-3.13742
3.214,-3.32663
3.215,-3.49139
3.216,-3.61859
3.217,-3.63519
3.218,-3.63212
3.219,-3.5627
3.22,-3.45617
3.221,-3.34679
3.222,-3.09241
3.223,-2.88813
3.224,-2.58876
3.225,-2.33382
3.226,-2.01029
3.227,-1.61525
3.228,-1.25176
3.229,-0.919506
3.23,-0.58365
3.231,-0.211281
3.232,0.153007
3.233,0.406696
3.234,0.753428
3.235,0.960464
3.236,1.2454
3.237,1.49925
3.238,1.69055
3.239,1.82368
3.24,1.9702
3.241,2.05618
3.242,2.1067
3.243,2.02959
3.244,2.08169
3.245,2.03433
3.246,1.9018
3.247,1.72541
3.248,1.61639
3.249,1.43346
3.25,1.22607
3.251,1.00508
3.252,0.804732
3.253,0.56601
3.254,0.371063
3.255,0.175923
3.256,-0.0644884
3.257,-0.257887
3.258,-0.416906
3.259,-0.568921
3.26,-0.749171
3.261,-0.85305
3.262,-0.917446
3.263,-1.01525
3.264,-0.998304
3.265,-0.978367
3.266,-1.00497
3.267,-0.973734
3.268,-0.891116
3.269,-0.783566
3.27,-0.673353
3.271,-0.470131
3.272,-0.246713
3.273,-0.178685
3.274,0.0846434
3.275,0.231316
3.276,0.448508
3.277,0.651904
3.278,0.857777
3.279,1.023
3.28,1.14416
3.281,1.31774
3.282,1.41744
3.283,1.47774
3.284,1.57313
3.285,1.59692
3.286,1.51989
3.287,1.57688
3.288,1.50211
3.289,1.33016
3.29,1.22831
3.291,0.972464
3.292,0.838889
3.293,0.617672
3.294,0.338425
3.295,0.132674
3.296,-0.213531
3.297,-0.461781
3.298,-0.797761
3.299,-1.07266
3.3,-1.39343
3.301,-1.70323
3.302,-1.99566
3.303,-2.17457
3.304,-2.46526
3.305,-2.57321
3.306,-2.83813
3.307,-2.91559
3.308,-3.03621
3.309,-3.10276
3.31,-3.07876
3.311,-3.00885
3.312,-2.97737
3.313,-2.84151
3.314,-2.60087
3.315,-2.42236
3.316,-2.14161
3.317,-1.86255
3.318,-1.53135
3.319,-1.14823
3.32,-0.722808
3.321,-0.298991
3.322,0.104755
3.323,0.543576
3.324,1.00744
3.325,1.4713
3.326,1.85962
3.327,2.31137
3.328,2.69956
3.329,3.11193
3.33,3.3617
3.331,3.6676
3.332,3.9048
3.333,4.17506
3.334,4.29143
3.335,4.33842
3.336,4.4341
3.337,4.34088
3.338,4.29768
3.339,4.18461
3.34,3.87966
3.341,3.71174
3.342,3.34072
3.343,3.04747
3.344,2.58848
3.345,2.12642
3.346,1.72344
3.347,1.21263
3.348,0.677135
3.349,0.166164
3.35,-0.369365
3.351,-0.978123
3.352,-1.44964
3.353,-2.02329
3.354,-2.47738
3.355,-2.95957
3.356,-3.40645
3.357,-3.80833
3.358,-4.11924
3.359,-4.37374
3.36,-4.61792
3.361,-4.79435
3.362,-4.95528
3.363,-4.98246
3.364,-4.96821
3.365,-4.91605
3.366,-4.76377
3.367,-4.5651
3.368,-4.27083
3.369,-3.90223
3.37,-3.5539
3.371,-3.14621
3.372,-2.67694
3.373,-2.15923
3.374,-1.59553
3.375,-1.08363
3.376,-0.607
3.377,-0.0141306
3.378,0.570558
3.379,1.07991
3.38,1.65071
3.381,2.07117
3.382,2.64693
3.383,3.07217
3.384,3.46
3.385,3.74738
3.386,4.07145
3.387,4.33943
3.388,4.57376
3.389,4.68156
3.39,4.69722
3.391,4.66333
3.392,4.6754
3.393,4.5386
3.394,4.31283
3.395,4.10021
3.396,3.80684
3.397,3.46263
3.398,3.1203
3.399,2.6662
3.4,2.28106
3.401,1.72687
3.402,1.31567
3.403,0.82139
3.404,0.316075
3.405,-0.082663
3.406,-0.62343
3.407,-1.06619
3.408,-1.58721
3.409,-1.86781
3.41,-2.30747
3.411,-2.67141
3.412,-2.87997
3.413,-3.17587
3.414,-3.28087
3.415,-3.43678
3.416,-3.53573
3.417,-3.5264
3.418,-3.64378
3.419,-3.49271
3.42,-3.43973
3.421,-3.24719
3.422,-3.09656
3.423,-2.88413
3.424,-2.60591
3.425,-2.31095
3.426,-1.97871
3.427,-1.66505
3.428,-1.30726
3.429,-0.957712
3.43,-0.530214
3.431,-0.224168
3.432,0.114325
3.433,0.42604
3.434,0.760767
3.435,1.07353
3.436,1.27335
3.437,1.46975
3.438,1.72225
3.439,1.89213
3.44,1.9441
3.441,2.01766
3.442,2.09672
3.443,2.01581
3.444,2.08874
3.445,1.94187
3.446,1.92625
3.447,1.85278
3.448,1.68986
3.449,1.43699
3.45,1.19748
3.451,1.06621
3.452,0.873353
3.453,0.570676
3.454,0.384215
3.455,0.203275
3.456,-0.124324
3.457,-0.28217
3.458,-0.440123
3.459,-0.591818
3.46,-0.764945
3.461,-0.81498
3.462,-0.954602
3.463,-0.977606
3.464,-1.00828
3.465,-1.01098
3.466,-1.04262
3.467,-0.922887
3.468,-0.830107
3.469,-0.776369
3.47,-0.681278
3.471,-0.456875
3.472,-0.278522
3.473,-0.107682
3.474,0.0215765
3.475,0.236496
3.476,0.486846
3.477,0.603185
3.478,0.871532
3.479,0.97594
3.48,1.19969
3.481,1.27754
3.482,1.4743
3.483,1.50708
3.484,1.57387
3.485,1.61476
3.486,1.60326
3.487,1.56055
3.488,1.44516
3.489,1.36105
3.49,1.21641
3.491,1.07765
3.492,0.84176
3.493,0.608611
3.494,0.351296
3.495,0.113
3.496,-0.176998
3.497,-0.467732
3.498,-0.785953
3.499,-1.07344
3.5,-1.35767
3.501,-1.63461
3.502,-1.92801
3.503,-2.19086
3.504,-2.41461
3.505,-2.68642
3.506,-2.81429
3.507,-2.96744
3.508,-3.0325
3.509,-3.05534
3.51,-3.08508
3.511,-3.08805
3.512,-2.96891
3.513,-2.80366
3.514,-2.62301
3.515,-2.4363
3.516,-2.09808
3.517,-1.88577
3.518,-1.47335
3.519,-1.13561
3.52,-0.698667
3.521,-0.30434
3.522,0.126563
3.523,0.526809
3.524,0.980465
3.525,1.47671
3.526,1.89449
3.527,2.3718
3.528,2.72614
3.529,3.05423
3.53,3.39879
3.531,3.64348
3.532,3.96459
3.533,4.16571
3.534,4.31818
3.535,4.37897
3.536,4.45148
3.537,4.40727
3.538,4.23835
3.539,4.18123
3.54,3.91226
3.541,3.70561
3.542,3.39374
3.543,3.02001
3.544,2.56523
3.545,2.18338
3.546,1.6704
3.547,1.18445
3.548,0.649374
3.549,0.137735
3.55,-0.472739
3.551,-0.965903
3.552,-1.45385
3.553,-2.02114
3.554,-2.50352
3.555,-2.9507
3.556,-3.45801
3.557,-3.82055
3.558,-4.12295
3.559,-4.42409
3.56,-4.62912
3.561,-4.90067
3.562,-4.96651
3.563,-4.99555
3.564,-4.91935
3.565,-4.9338
3.566,-4.75709
3.567,-4.52766
3.568,-4.24958
3.569,-3.91593
3.57,-3.54958
3.571,-3.16261
3.572,-2.65052
3.573,-2.16059
3.574,-1.64591
3.575,-1.12626
3.576,-0.584366
3.577,0.0265889
3.578,0.515875
3.579,1.12429
3.58,1.59288
3.581,2.05994
3.582,2.59611
3.583,3.07888
3.584,3.42579
3.585,3.75693
3.586,4.10128
3.587,4.35379
3.588,4.56324
3.589,4.64443
3.59,4.69626
3.591,4.72922
3.592,4.60497
3.593,4.53642
3.594,4.26674
3.595,4.06047
3.596,3.79068
3.597,3.44247
3.598,3.05813
3.599,2.70684
3.6,2.20233
3.601,1.77446
3.602,1.27398
3.603,0.81159
3.604,0.371326
3.605,-0.233325
3.606,-0.589453
3.607,-1.11078
3.608,-1.54499
3.609,-1.93176
3.61,-2.30998
3.611,-2.62304
3.612,-2.87813
3.613,-3.1788
3.614,-3.41733
3.615,-3.40654
3.616,-3.6187
3.617,-3.60909
3.618,-3.56406
3.619,-3.50434
3.62,-3.45968
3.621,-3.28034
3.622,-3.06822
3.623,-2.89997
3.624,-2.58799
3.625,-2.3112
3.626,-1.94457
3.627,-1.62115
3.628,-1.28302
3.629,-0.948054
3.63,-0.56817
3.631,-0.216993
3.632,0.0652556
3.633,0.410828
3.634,0.757588
3.635,1.06064
3.636,1.26768
3.637,1.44429
3.638,1.70696
3.639,1.91216
3.64,1.9883
3.641,2.06329
3.642,2.12805
3.643,2.07749
3.644,2.08677
3.645,2.0011
3.646,1.85403
3.647,1.79395
3.648,1.63491
3.649,1.47268
3.65,1.23623
3.651,1.02493
3.652,0.863753
3.653,0.595684
3.654,0.36776
3.655,0.162517
3.656,-0.0523398
3.657,-0.23992
3.658,-0.43576
3.659,-0.685832
3.66,-0.767994
3.661,-0.823967
3.662,-1.01052
3.663,-0.969715
3.664,-1.02639
3.665,-1.08491
3.666,-1.00487
3.667,-0.962858
3.668,-0.85024
3.669,-0.784524
3.67,-0.596039
3.671,-0.494997
3.672,-0.325111
3.673,-0.17574
3.674,0.0636591
3.675,0.244616
3.676,0.502441
3.677,0.652822
3.678,0.906438
3.679,1.06014
3.68,1.16294
3.681,1.31061
3.682,1.39995
3.683,1.43355
3.684,1.56136
3.685,1.5975
3.686,1.53319
3.687,1.53133
3.688,1.43685
3.689,1.3599
3.69,1.24776
3.691,0.987159
3.692,0.872695
3.693,0.613098
3.694,0.355988
3.695,0.0591937
3.696,-0.230032
3.697,-0.476714
3.698,-0.745122
3.699,-1.12043
3.7,-1.43091
3.701,-1.68028
3.702,-1.99643
3.703,-2.19605
3.704,-2.42812
3.705,-2.66354
3.706,-2.80655
3.707,-2.98856
3.708,-3.01491
3.709,-3.07692
3.71,-3.07844
3.711,-3.08207
3.712,-2.98677
3.713,-2.83211
3.714,-2.71722
3.715,-2.37837
3.716,-2.17255
3.717,-1.8415
3.718,-1.52538
3.719,-1.07492
3.72,-0.751333
3.721,-0.329286
3.722,0.134069
3.723,0.522679
3.724,0.993442
3.725,1.45777
3.726,1.86665
3.727,2.35183
3.728,2.7423
3.729,3.06146
3.73,3.37644
3.731,3.64628
3.732,3.99188
3.733,4.11873
3.734,4.25522
3.735,4.37143
3.736,4.39417
3.737,4.43572
3.738,4.23812
3.739,4.10856
3.74,3.94372
3.741,3.70483
3.742,3.38854
3.743,3.01967
3.744,2.57383
3.745,2.13685
3.746,1.7058
3.747,1.15399
3.748,0.683795
3.749,0.120896
3.75,-0.444904
3.751,-0.949512
3.752,-1.4498
3.753,-2.03129
3.754,-2.51627
3.755,-3.01227
3.756,-3.39612
3.757,-3.76373
3.758,-4.0791
3.759,-4.41027
3.76,-4.6493
3.761,-4.85513
3.762,-4.90382
3.763,-5.0144
3.764,-4.95933
3.765,-4.85664
3.766,-4.70903
3.767,-4.49699
3.768,-4.26951
3.769,-3.91052
3.77,-3.5665
3.771,-3.12839
3.772,-2.74085
3.773,-2.17077
3.774,-1.62976
3.775,-1.10472
3.776,-0.528281
3.777,0.00202386
3.778,0.546137
3.779,1.09481
3.78,1.6508
3.781,2.10146
3.782,2.63401
3.783,3.04565
3.784,3.48758
3.785,3.79376
3.786,4.1037
3.787,4.37918
3.788,4.55309
3.789,4.65648
3.79,4.67553
3.791,4.68039
3.792,4.64361
3.793,4.49546
3.794,4.32636
3.795,4.13522
3.796,3.71459
3.797,3.46345
3.798,3.12487
3.799,2.63005
3.8,2.26105
3.801,1.73229
3.802,1.29371
3.803,0.796533
3.804,0.355081
3.805,-0.146996
3.806,-0.583669
3.807,-1.1036
3.808,-1.46379
3.809,-1.89105
3.81,-2.27042
3.811,-2.65701
3.812,-2.93613
3.813,-3.12277
3.814,-3.3433
3.815,-3.49375
3.816,-3.59422
3.817,-3.63293
3.818,-3.59256
3.819,-3.5481
3.82,-3.46613
3.821,-3.28653
3.822,-3.13431
3.823,-2.8416
3.824,-2.60811
3.825,-2.3241
3.826,-1.97331
3.827,-1.62453
3.828,-1.32217
3.829,-0.933217
3.83,-0.620359
3.831,-0.230587
3.832,0.117491
3.833,0.485768
3.834,0.732117
3.835,1.06352
3.836,1.31589
3.837,1.5184
3.838,1.74045
3.839,1.91036
3.84,1.97907
3.841,2.02367
3.842,2.14703
3.843,2.12713
3.844,2.07586
3.845,1.94806
3.846,1.84721
3.847,1.82031
3.848,1.64498
3.849,1.48531
3.85,1.22653
3.851,1.05088
3.852,0.870359
3.853,0.641044
3.854,0.412675
3.855,0.0833856
3.856,-0.0161407
3.857,-0.207476
3.858,-0.442604
3.859,-0.599013
3.86,-0.745565
3.861,-0.816574
3.862,-0.94701
3.863,-1.03509
3.864,-1.05626
3.865,-0.947587
3.866,-0.990965
3.867,-0.937106
3.868,-0.828967
3.869,-0.732517
3.87,-0.592973
3.871,-0.48238
3.872,-0.294508
3.873,-0.0465098
3.874,0.0846907
3.875,0.27968
3.876,0.496376
3.877,0.620187
3.878,0.806417
3.879,0.99495
3.88,1.19421
3.881,1.33536
3.882,1.42757
3.883,1.53996
3.884,1.53889
3.885,1.63122
3.886,1.55902
3.887,1.5284
3.888,1.43125
3.889,1.39793
3.89,1.23256
3.891,0.989035
3.892,0.817271
3.893,0.588646
3.894,0.362584
3.895,0.156015
3.896,-0.190862
3.897,-0.549674
3.898,-0.815214
3.899,-1.09964
3.9,-1.40804
3.901,-1.68283
3.902,-2.00151
3.903,-2.23487
3.904,-2.44619
3.905,-2.66961
3.906,-2.82793
3.907,-2.91452
3.908,-3.04654
3.909,-3.10044
3.91,-3.03174
3.911,-3.04519
3.912,-2.90863
3.913,-2.80365
3.914,-2.65015
3.915,-2.40336
3.916,-2.15272
3.917,-1.79513
3.918,-1.53394
3.919,-1.14881
3.92,-0.746967
3.921,-0.331603
3.922,0.0990343
3.923,0.613926
3.924,0.986802
3.925,1.46666
3.926,1.87975
3.927,2.33041
3.928,2.64222
3.929,3.05104
3.93,3.37183
3.931,3.67
3.932,3.95529
3.933,4.10732
3.934,4.21137
3.935,4.35663
3.936,4.43719
3.937,4.38247
3.938,4.25014
3.939,4.10931
3.94,3.89858
3.941,3.65814
3.942,3.40098
3.943,3.04559
3.944,2.58274
3.945,2.21828
3.946,1.67564
3.947,1.17595
3.948,0.66036
3.949,0.121859
3.95,-0.399767
3.951,-0.924886
3.952,-1.49141
3.953,-1.9593
3.954,-2.48073
3.955,-2.95765
3.956,-3.39325
3.957,-3.79832
3.958,-4.14006
3.959,-4.42801
3.96,-4.65639
3.961,-4.8096
3.962,-4.9313
3.963,-4.94694
3.964,-4.94874
3.965,-4.87563
3.966,-4.77626
3.967,-4.48573
3.968,-4.26986
3.969,-3.96867
3.97,-3.61434
3.971,-3.12011
3.972,-2.76442
3.973,-2.19345
3.974,-1.70402
3.975,-1.14771
3.976,-0.584689
3.977,-0.0119008
3.978,0.569619
3.979,1.05294
3.98,1.58202
3.981,2.10272
3.982,2.64324
3.983,3.07808
3.984,3.41536
3.985,3.77082
3.986,4.08637
3.987,4.36401
3.988,4.50813
3.989,4.67734
3.99,4.68303
3.991,4.65754
3.992,4.56285
3.993,4.59037
3.994,4.31304
3.995,4.06783
3.996,3.79077
3.997,3.45881
3.998,3.11045
3.999,2.65598
4,2.22861
4.001,1.79333
4.002,1.2953
4.003,0.77593
4.004,0.354553
4.005,-0.130728
4.006,-0.649977
4.007,-1.09956
4.008,-1.54978
4.009,-1.92514
4.01,-2.30474
4.011,-2.66643
4.012,-2.91662
4.013,-3.17929
4.014,-3.3543
4.015,-3.42952
4.016,-3.5583
4.017,-3.60202
4.018,-3.63087
4.019,-3.56374
4.02,-3.47207
4.021,-3.2608
4.022,-3.07428
4.023,-2.86472
4.024,-2.59655
4.025,-2.31094
4.026,-1.99365
4.027,-1.61725
4.028,-1.3057
4.029,-0.924063
4.03,-0.602668
4.031,-0.218095
4.032,0.099259
4.033,0.445203
4.034,0.712057
4.035,1.01364
4.036,1.24116
4.037,1.49492
4.038,1.7154
4.039,1.84456
4.04,1.961
4.041,2.03454
4.042,2.12328
4.043,2.13305
4.044,2.09249
4.045,1.99808
4.046,1.87822
4.047,1.82579
4.048,1.63799
4.049,1.43382
4.05,1.25404
4.051,1.08658
4.052,0.842645
4.053,0.62939
4.054,0.350035
4.055,0.179722
4.056,-0.0314959
4.057,-0.205981
4.058,-0.425236
4.059,-0.608417
4.06,-0.715976
4.061,-0.827215
4.062,-0.93582
4.063,-0.999721
4.064,-1.01949
4.065,-1.0216
4.066,-1.04172
4.067,-0.953931
4.068,-0.847265
4.069,-0.752692
4.07,-0.636082
4.071,-0.472929
4.072,-0.31567
4.073,-0.0956607
4.074,0.101963
4.075,0.230084
4.076,0.473633
4.077,0.691528
4.078,0.902081
4.079,0.988962
4.08,1.20001
4.081,1.36265
4.082,1.3623
4.083,1.48147
4.084,1.55771
4.085,1.61499
4.086,1.62459
4.087,1.52022
4.088,1.48
4.089,1.31197
4.09,1.24375
4.091,0.977994
4.092,0.781575
4.093,0.620258
4.094,0.396699
4.095,0.0702048
4.096,-0.238593
4.097,-0.471879
4.098,-0.791062
4.099,-1.11617
4.1,-1.33996
4.101,-1.69862
4.102,-1.94946
4.103,-2.23297
4.104,-2.37453
4.105,-2.62014
4.106,-2.83821
4.107,-2.96377
4.108,-3.0675
4.109,-2.99153
4.11,-3.0595
4.111,-3.03217
4.112,-2.92465
4.113,-2.76836
4.114,-2.65322
4.115,-2.41747
4.116,-2.18201
4.117,-1.82208
4.118,-1.47963
4.119,-1.11801
4.12,-0.714277
4.121,-0.295768
4.122,0.132437
4.123,0.565687
4.124,0.990504
4.125,1.45226
4.126,1.8936
4.127,2.31944
4.128,2.65832
4.129,3.10074
4.13,3.43455
4.131,3.67583
4.132,3.92038
4.133,4.13835
4.134,4.20664
4.135,4.37447
4.136,4.40831
4.137,4.34437
4.138,4.23722
4.139,4.12312
4.14,3.97335
4.141,3.68857
4.142,3.39204
4.143,3.0115
4.144,2.58941
4.145,2.14863
4.146,1.75506
4.147,1.19916
4.148,0.686409
4.149,0.133698
4.15,-0.408969
4.151,-0.936347
4.152,-1.50038
4.153,-2.02356
4.154,-2.53302
4.155,-2.94886
4.156,-3.42481
4.157,-3.79002
4.158,-4.1739
4.159,-4.4669
4.16,-4.67296
4.161,-4.822
4.162,-4.95738
4.163,-4.94651
4.164,-4.94474
4.165,-4.85281
4.166,-4.76559
4.167,-4.53193
4.168,-4.29521
4.169,-3.94241
4.17,-3.52787
4.171,-3.21731
4.172,-2.66498
4.173,-2.15203
4.174,-1.62036
4.175,-1.15259
4.176,-0.563444
4.177,-0.0120192
4.178,0.531449
4.179,1.07697
4.18,1.67118
4.181,2.14007
4.182,2.62546
4.183,3.06118
4.184,3.49551
4.185,3.78462
4.186,4.09109
4.187,4.3533
4.188,4.54769
4.189,4.63394
4.19,4.71849
4.191,4.64274
4.192,4.60465
4.193,4.49994
4.194,4.33144
4.195,4.09824
4.196,3.80147
4.197,3.45971
4.198,3.13567
4.199,2.65345
4.2,2.26116
4.201,1.7732
4.202,1.3086
4.203,0.802526
4.204,0.335343
4.205,-0.211614
4.206,-0.676948
4.207,-1.12077
4.208,-1.53562
4.209,-1.92188
4.21,-2.25904
4.211,-2.63633
4.212,-2.90577
4.213,-3.18665
4.214,-3.39861
4.215,-3.48812
4.216,-3.58985
4.217,-3.59674
4.218,-3.55899
4.219,-3.58998
4.22,-3.47207
4.221,-3.29426
4.222,-3.10955
4.223,-2.92202
4.224,-2.59627
4.225,-2.28049
4.226,-1.99765
4.227,-1.62167
4.228,-1.28479
4.229,-0.937715
4.23,-0.578483
4.231,-0.248797
4.232,0.152242
4.233,0.319023
4.234,0.779744
4.235,0.95465
4.236,1.28203
4.237,1.51822
4.238,1.71564
4.239,1.81672
4.24,1.91056
4.241,2.06048
4.242,2.05665
4.243,2.08804
4.244,2.13729
4.245,2.0101
4.246,1.92072
4.247,1.79288
4.248,1.603
4.249,1.43566
4.25,1.29863
4.251,1.1133
4.252,0.833791
4.253,0.628918
4.254,0.398267
4.255,0.149301
4.256,-0.103584
4.257,-0.292628
4.258,-0.417192
4.259,-0.593999
4.26,-0.757818
4.261,-0.819246
4.262,-0.94564
4.263,-1.01868
4.264,-1.04435
4.265,-1.03523
4.266,-0.996009
4.267,-0.911463
4.268,-0.866393
4.269,-0.714272
4.27,-0.620123
4.271,-0.446445
4.272,-0.278899
4.273,-0.191771
4.274,0.0624769
4.275,0.244522
4.276,0.473813
4.277,0.686379
4.278,0.857382
4.279,1.02899
4.28,1.14854
4.281,1.31605
4.282,1.45618
4.283,1.47356
4.284,1.5652
4.285,1.60365
4.286,1.5973
4.287,1.58787
4.288,1.43828
4.289,1.36331
4.29,1.23769
4.291,1.03064
4.292,0.825607
4.293,0.589944
4.294,0.348254
4.295,0.0724548
4.296,-0.199048
4.297,-0.477493
4.298,-0.781445
4.299,-1.08458
4.3,-1.40218
4.301,-1.6839
4.302,-1.96124
4.303,-2.21983
4.304,-2.4647
4.305,-2.61436
4.306,-2.76716
4.307,-2.997
4.308,-3.04706
4.309,-3.10768
4.31,-3.07495
4.311,-3.0563
4.312,-2.96845
4.313,-2.80764
4.314,-2.61925
4.315,-2.40966
4.316,-2.14658
4.317,-1.88492
4.318,-1.52681
4.319,-1.14586
4.32,-0.771999
4.321,-0.324254
4.322,0.129426
4.323,0.586622
4.324,1.03148
4.325,1.48579
4.326,1.86933
4.327,2.29438
4.328,2.70049
4.329,3.08567
4.33,3.38344
4.331,3.70454
4.332,3.92831
4.333,4.13973
4.334,4.26152
4.335,4.38039
4.336,4.43903
4.337,4.30872
4.338,4.26509
4.339,4.12168
4.34,3.92839
4.341,3.67815
4.342,3.38887
4.343,3.00632
4.344,2.64839
4.345,2.22035
4.346,1.74062
4.347,1.25122
4.348,0.656712
4.349,0.15803
4.35,-0.436016
4.351,-0.958571
4.352,-1.47365
4.353,-1.98341
4.354,-2.49443
4.355,-2.94441
4.356,-3.35183
4.357,-3.76669
4.358,-4.17269
4.359,-4.42408
4.36,-4.66872
4.361,-4.8086
4.362,-4.92631
4.363,-4.99945
4.364,-4.95775
4.365,-4.88747
4.366,-4.70819
4.367,-4.54638
4.368,-4.2723
4.369,-3.93296
4.37,-3.59947
4.371,-3.13529
4.372,-2.61588
4.373,-2.18404
4.374,-1.68977
4.375,-1.13164
4.376,-0.565266
4.377,-0.00692289
4.378,0.545642
4.379,1.1591
4.38,1.61727
4.381,2.09251
4.382,2.61606
4.383,3.03024
4.384,3.50481
4.385,3.81963
4.386,4.07228
4.387,4.30983
4.388,4.5712
4.389,4.63519
4.39,4.70863
4.391,4.70546
4.392,4.57303
4.393,4.51013
4.394,4.32686
4.395,4.06342
4.396,3.79437
4.397,3.46558
4.398,3.04927
4.399,2.73836
4.4,2.24289
4.401,1.7522
4.402,1.2178
4.403,0.794341
4.404,0.288357
4.405,-0.165179
4.406,-0.649916
4.407,-1.09108
4.408,-1.50176
4.409,-1.9451
4.41,-2.24565
4.411,-2.59727
4.412,-2.88388
4.413,-3.11347
4.414,-3.38541
4.415,-3.4784
4.416,-3.59903
4.417,-3.64866
4.418,-3.57492
4.419,-3.56173
4.42,-3.42636
4.421,-3.31323
4.422,-3.07168
4.423,-2.84677
4.424,-2.5653
4.425,-2.26101
4.426,-1.95288
4.427,-1.64069
4.428,-1.24222
4.429,-0.935318
4.43,-0.561064
4.431,-0.278214
4.432,0.100813
4.433,0.442493
4.434,0.726527
4.435,1.03273
4.436,1.26514
4.437,1.56755
4.438,1.69581
4.439,1.89261
4.44,1.97779
4.441,2.03521
4.442,2.09042
4.443,2.02939
4.444,2.0435
4.445,2.04905
4.446,1.94529
4.447,1.78849
4.448,1.63449
4.449,1.45581
4.45,1.2359
4.451,1.01158
4.452,0.826273
4.453,0.588866
4.454,0.375875
4.455,0.169654
4.456,-0.0264424
4.457,-0.220358
4.458,-0.422355
4.459,-0.579248
4.46,-0.734442
4.461,-0.860338
4.462,-0.961943
4.463,-0.993948
4.464,-0.989233
4.465,-1.06572
4.466,-0.954933
4.467,-0.911438
4.468,-0.817239
4.469,-0.736807
4.47,-0.56682
4.471,-0.476377
4.472,-0.299417
4.473,-0.13859
4.474,0.117228
4.475,0.253036
4.476,0.428933
4.477,0.668067
4.478,0.809813
4.479,0.997478
4.48,1.16496
4.481,1.32305
4.482,1.3701
4.483,1.48634
4.484,1.53049
4.485,1.57055
4.486,1.5729
4.487,1.56086
4.488,1.45827
4.489,1.39941
4.49,1.18958
4.491,1.0237
4.492,0.85566
4.493,0.639046
4.494,0.327496
4.495,0.0719522
4.496,-0.219035
4.497,-0.498511
4.498,-0.815206
4.499,-1.06297
4.5,-1.40169
4.501,-1.64439
4.502,-1.95829
4.503,-2.2572
4.504,-2.44078
4.505,-2.68232
4.506,-2.83384
4.507,-2.88058
4.508,-3.04114
4.509,-3.17528
4.51,-3.07794
4.511,-3.08019
4.512,-2.96511
4.513,-2.84325
4.514,-2.60442
4.515,-2.38179
4.516,-2.14753
4.517,-1.86
4.518,-1.47703
4.519,-1.16034
4.52,-0.752938
4.521,-0.303171
4.522,0.106324
4.523,0.513023
4.524,0.927069
4.525,1.45934
4.526,1.88835
4.527,2.2642
4.528,2.70715
4.529,3.08159
4.53,3.40408
4.531,3.67282
4.532,3.90282
4.533,4.10957
4.534,4.25133
4.535,4.35211
4.536,4.37152
4.537,4.35988
4.538,4.28171
4.539,4.16161
4.54,3.99908
4.541,3.63852
4.542,3.38241
4.543,2.97361
4.544,2.60067
4.545,2.14549
4.546,1.70169
4.547,1.2387
4.548,0.65693
4.549,0.118365
4.55,-0.413353
4.551,-0.976826
4.552,-1.47326
4.553,-2.07785
4.554,-2.49444
4.555,-3.01952
4.556,-3.44635
4.557,-3.8007
4.558,-4.16894
4.559,-4.4022
4.56,-4.67112
4.561,-4.77554
4.562,-4.88122
4.563,-4.98282
4.564,-4.95902
4.565,-4.90178
4.566,-4.73312
4.567,-4.54977
4.568,-4.26281
4.569,-3.96825
4.57,-3.57512
4.571,-3.13488
4.572,-2.70075
4.573,-2.19913
4.574,-1.63759
4.575,-1.10468
4.576,-0.558218
4.577,0.0295141
4.578,0.529499
4.579,1.15903
4.58,1.61922
4.581,2.20608
4.582,2.58548
4.583,3.06231
4.584,3.48523
4.585,3.81074
4.586,4.11574
4.587,4.35753
4.588,4.56144
4.589,4.62533
4.59,4.66478
4.591,4.66103
4.592,4.62868
4.593,4.4982
4.594,4.34691
4.595,4.11066
4.596,3.80894
4.597,3.50724
4.598,3.10169
4.599,2.71861
4.6,2.26616
4.601,1.7745
4.602,1.2691
4.603,0.810889
4.604,0.307872
4.605,-0.141415
4.606,-0.682738
4.607,-1.06149
4.608,-1.48408
4.609,-1.95229
4.61,-2.35737
4.611,-2.61489
4.612,-2.91717
4.613,-3.16252
4.614,-3.34186
4.615,-3.41786
4.616,-3.55498
4.617,-3.65196
4.618,-3.58629
4.619,-3.56229
4.62,-3.45687
4.621,-3.30898
4.622,-3.10976
4.623,-2.887
4.624,-2.58529
4.625,-2.28619
4.626,-1.95445
4.627,-1.63709
4.628,-1.32317
4.629,-0.923513
4.63,-0.556001
4.631,-0.294919
4.632,0.108859
4.633,0.440942
4.634,0.783308
4.635,1.08622
4.636,1.31813
4.637,1.53972
4.638,1.71447
4.639,1.83208
4.64,1.97905
4.641,2.075
4.642,2.04089
4.643,2.12152
4.644,2.08567
4.645,1.94571
4.646,1.91449
4.647,1.75754
4.648,1.62149
4.649,1.42234
4.65,1.2534
4.651,1.03939
4.652,0.878902
4.653,0.604146
4.654,0.359273
4.655,0.131308
4.656,-0.0289419
4.657,-0.257026
4.658,-0.436587
4.659,-0.604096
4.66,-0.691683
4.661,-0.8605
4.662,-0.939956
4.663,-1.00182
4.664,-1.03993
4.665,-0.986623
4.666,-0.981946
4.667,-1.03036
4.668,-0.837671
4.669,-0.722959
4.67,-0.602442
4.671,-0.491966
4.672,-0.258381
4.673,-0.114035
4.674,0.125524
4.675,0.215624
4.676,0.442243
4.677,0.681318
4.678,0.867276
4.679,0.978626
4.68,1.17328
4.681,1.28725
4.682,1.40555
4.683,1.51855
4.684,1.54483
4.685,1.58567
4.686,1.57065
4.687,1.55341
4.688,1.45935
4.689,1.33236
4.69,1.21658
4.691,1.04543
4.692,0.82118
4.693,0.596818
4.694,0.31514
4.695,0.105687
4.696,-0.150781
4.697,-0.486432
4.698,-0.799149
4.699,-1.09413
4.7,-1.39508
4.701,-1.70554
4.702,-1.95719
4.703,-2.25212
4.704,-2.43983
4.705,-2.65566
4.706,-2.81784
4.707,-2.9314
4.708,-2.99966
4.709,-3.11787
4.71,-3.11604
4.711,-3.07105
4.712,-2.97379
4.713,-2.84167
4.714,-2.62272
4.715,-2.43235
4.716,-2.12272
4.717,-1.88781
4.718,-1.44058
4.719,-1.15443
4.72,-0.736793
4.721,-0.348002
4.722,0.147886
4.723,0.586379
4.724,1.0017
4.725,1.44333
4.726,1.91272
4.727,2.23704
4.728,2.72365
4.729,3.08478
4.73,3.42126
4.731,3.65999
4.732,3.89916
4.733,4.10961
4.734,4.26645
4.735,4.40103
4.736,4.37097
4.737,4.36234
4.738,4.29341
4.739,4.1777
4.74,3.96084
4.741,3.69598
4.742,3.35925
4.743,2.99104
4.744,2.61153
4.745,2.16885
4.746,1.74939
4.747,1.15662
4.748,0.645271
4.749,0.104146
4.75,-0.365012
4.751,-0.98758
4.752,-1.47937
4.753,-1.99766
4.754,-2.52137
4.755,-3.00461
4.756,-3.40802
4.757,-3.81968
4.758,-4.16895
4.759,-4.44467
4.76,-4.64681
4.761,-4.80197
4.762,-4.92327
4.763,-4.94948
4.764,-4.88474
4.765,-4.88101
4.766,-4.67332
4.767,-4.52795
4.768,-4.25152
4.769,-3.91841
4.77,-3.53631
4.771,-3.15699
4.772,-2.70267
4.773,-2.09912
4.774,-1.71837
4.775,-1.09387
4.776,-0.500059
4.777,-0.00706033
4.778,0.521551
4.779,1.11516
4.78,1.55823
4.781,2.15867
4.782,2.65597
4.783,3.01564
4.784,3.4748
4.785,3.83634
4.786,4.06583
4.787,4.34327
4.788,4.52379
4.789,4.64185
4.79,4.71935
4.791,4.66305
4.792,4.61919
4.793,4.51993
4.794,4.29149
4.795,4.08759
4.796,3.79883
4.797,3.46974
4.798,3.05235
4.799,2.67738
4.8,2.20795
4.801,1.78539
4.802,1.31863
4.803,0.782087
4.804,0.316308
4.805,-0.153983
4.806,-0.633993
4.807,-1.03526
4.808,-1.46356
4.809,-1.82484
4.81,-2.28161
4.811,-2.56005
4.812,-2.9373
4.813,-3.1495
4.814,-3.33923
4.815,-3.4796
4.816,-3.54153
4.817,-3.59241
4.818,-3.64285
4.819,-3.54037
4.82,-3.43447
4.821,-3.24063
4.822,-3.05515
4.823,-2.91879
4.824,-2.61063
4.825,-2.30981
4.826,-1.9655
4.827,-1.60424
4.828,-1.28716
4.829,-0.899069
4.83,-0.569533
4.831,-0.206118
4.832,0.118636
4.833,0.479793
4.834,0.749101
4.835,1.02546
4.836,1.28389
4.837,1.51176
4.838,1.70021
4.839,1.87478
4.84,1.99058
4.841,2.04272
4.842,2.11907
4.843,2.09476
4.844,2.08446
4.845,2.01404
4.846,1.86422
4.847,1.74745
4.848,1.64713
4.849,1.45878
4.85,1.25997
4.851,1.01252
4.852,0.880649
4.853,0.583686
4.854,0.349592
4.855,0.144638
4.856,-0.028069
4.857,-0.268919
4.858,-0.394441
4.859,-0.605924
4.86,-0.793893
4.861,-0.838858
4.862,-0.961398
4.863,-0.975496
4.864,-1.02072
4.865,-1.04232
4.866,-1.06607
4.867,-0.957381
4.868,-0.837906
4.869,-0.757537
4.87,-0.641107
4.871,-0.448656
4.872,-0.293787
4.873,-0.0996651
4.874,0.112322
4.875,0.300918
4.876,0.500035
4.877,0.644576
4.878,0.841274
4.879,0.976846
4.88,1.12089
4.881,1.30759
4.882,1.47213
4.883,1.54614
4.884,1.55497
4.885,1.64041
4.886,1.55567
4.887,1.54206
4.888,1.45313
4.889,1.35407
4.89,1.17669
4.891,1.03833
4.892,0.856901
4.893,0.603319
4.894,0.387287
4.895,0.0728192
4.896,-0.121888
4.897,-0.521277
4.898,-0.795073
4.899,-1.11729
4.9,-1.40149
4.901,-1.66619
4.902,-1.95844
4.903,-2.26153
4.904,-2.38053
4.905,-2.64136
4.906,-2.82602
4.907,-2.92734
4.908,-3.04243
4.909,-3.11589
4.91,-3.11495
4.911,-3.03325
4.912,-2.94227
4.913,-2.80596
4.914,-2.63105
4.915,-2.46886
4.916,-2.15158
4.917,-1.82552
4.918,-1.50386
4.919,-1.11181
4.92,-0.704952
4.921,-0.386969
4.922,0.0796998
4.923,0.569964
4.924,1.01482
4.925,1.42672
4.926,1.88397
4.927,2.29205
4.928,2.68587
4.929,3.05246
4.93,3.39927
4.931,3.7054
4.932,3.9395
4.933,4.14036
4.934,4.23831
4.935,4.36847
4.936,4.40015
4.937,4.30838
4.938,4.28214
4.939,4.12093
4.94,3.94178
4.941,3.65084
4.942,3.35748
4.943,3.04771
4.944,2.58145
4.945,2.14263
4.946,1.67881
4.947,1.15721
4.948,0.675522
4.949,0.141016
4.95,-0.38693
4.951,-0.880553
4.952,-1.545
4.953,-2.02073
4.954,-2.45885
4.955,-2.96316
4.956,-3.43227
4.957,-3.82301
4.958,-4.14355
4.959,-4.42376
4.96,-4.67886
4.961,-4.81882
4.962,-4.89558
4.963,-5.05944
4.964,-4.91905
4.965,-4.86683
4.966,-4.74506
4.967,-4.5425
4.968,-4.28012
4.969,-3.90872
4.97,-3.59387
4.971,-3.12318
4.972,-2.69228
4.973,-2.15359
4.974,-1.61611
4.975,-1.11613
4.976,-0.623718
4.977,0.0194472
4.978,0.561934
4.979,1.13645
4.98,1.67458
4.981,2.16093
4.982,2.62971
4.983,3.06446
4.984,3.47375
4.985,3.82957
4.986,4.13913
4.987,4.36199
4.988,4.47467
4.989,4.65766
4.99,4.68982
4.991,4.67665
4.992,4.6414
4.993,4.52362
4.994,4.31922
4.995,4.05948
4.996,3.8477
4.997,3.4471
4.998,3.11527
4.999,2.70612
